timestamp,text,url,score,num_comments,id,source,subreddit,coin,lang,sentiment,price,sma_20,sma_50,rsi_14,macd,macd_signal,macd_hist
2025-08-25 20:39:54,"i had ¬£50 in btc that i bought 3-4 years ago. totally forgot about it. randomly logged in first time in a while and it was worth ¬£303. i‚Äôm skint and needed a new washing machine.

btc literally saved my arse.

every pay day i will now invest.

gg btc gg",https://www.reddit.com/r/Bitcoin/comments/1n01znh/i_had_50_in_btc_that_i_bought_34_years_ago/,117,8,1n01znh,reddit,Bitcoin,btc,en,0.7717,110004.8647010217,,,,0.0,0.0,0.0
2025-08-25 21:00:29,"what else can we do? i recently bought btc at about 117k. then panic sold when it hit 114. and bought again at 115. as i know myself , i decided to move everything to a cold wallet (it was in the exchange).
if it hits below 110k do you know what am i gonna do? yessss‚Ä¶ i‚Äôm gonna dca my life out. the decision is taken. otherwise, as the title says, what else?",https://www.reddit.com/r/Bitcoin/comments/1n02j6g/what_else_can_we_do/,0,47,1n02j6g,reddit,Bitcoin,btc,en,-0.5913,109561.09710118636,,,,-35.40026437434426,-7.080052874868852,-28.32021149947541
2025-08-25 21:13:21,why bitcoin treasury companies are a fool‚Äôs paradise,https://www.ft.com/content/478ea5bc-ea18-44f7-9da1-602ebe283fca,2,3,1n02vge,reddit,Bitcoin,btc,en,0.7184,109614.7770388255,,,,-58.449932156538125,-17.354028731202707,-41.09590342533542
2025-08-25 21:34:55,"100k investment help i have 100k to invest in crypto (better now than ever), most of my money is in stocks but finally decided to allocate some.

thought to allocate 50k on btc, 40k on eth and 10k on xrp, just because these look the most ‚Äústable‚Äù and promising for a long time investment.

1.	‚Å†is this the right allocation, or would you change something? remember i‚Äôm looking for fairly stable and promising currencies rather than meme coins.
2.	‚Å†i keep reading that in september everything will go down (good time to buy?) , on the other hand i hear that 2026 there is going to be a crash before the next run. so the question is - how to time the buy?

thanks!",https://www.reddit.com/r/CryptoMarkets/comments/1n03frc/100k_investment_help/,27,85,1n03frc,reddit,CryptoMarkets,btc,en,0.9582,109442.6884803834,,,,-89.57055479998235,-31.797333944958638,-57.77322085502371
2025-08-25 21:35:50,"was bitcoin also your introduction on the concept of infinite and finite currencies too? i can't imagine many people outside of economists would understand. why have i never heard about this issue before? we all learn about taxes and inflation but i don't remember anyone talking about what we the people need is a kind of currency that can't be reproduced from nothing. it's like bitcoin is largely solving a problem the common ~~dumbass~~ citizen wasn't even aware of and that's a big part of why it's not being accepted the way i thought it would be. idk man, it's staggering to me trying to talk to people about it. i brought it up to my chiropractor and his opinion is that because it's digital it can't really replace anything as a currency. i guess i'll let him figure it out in his time. anyway thanks for reading my rant and happy stacking.",https://www.reddit.com/r/Bitcoin/comments/1n03gkz/was_bitcoin_also_your_introduction_on_the_concept/,12,6,1n03gkz,reddit,Bitcoin,btc,en,0.3013,109442.6884803834,,,,-112.93206194457889,-48.02427954488269,-64.9077823996962
2025-08-25 22:10:47,"don‚Äôt hide cash at home: use cryptocurrencies instead / how crypto is the alternative to the system you've been seeking all along tl;dr: this article is more aimed at beginners and people fearful of crypto (but then, the bitcoin beginner subreddit does not allow articles, only questions), and explores options on how and why cryptocurrencies can bring freedom to one's finances, and be an alternative to people who sought to get away from official institutions by keeping their money at home.",https://medium.com/technology-hits/dont-hide-cash-at-home-use-cryptocurrencies-instead-d698a2e75817?sk=v2%2F205260cd-20db-41f1-be1b-03f769f1c03b,105,1,1n04ca5,reddit,Bitcoin,btc,en,-0.0941,110069.68524569672,,,,-79.93142601355794,-54.40570883861774,-25.525717174940198
2025-08-26 00:43:49,"has anyone seen this symbol in relation to bitcoin? https://preview.redd.it/vjlk5p90g9lf1.png?width=878&format=png&auto=webp&s=58d6e7a04ec399c15ebe006672cc40f7e3dedfb5

found on an envelope. it is either bitcoin or crypto related to some capacity.",https://www.reddit.com/r/Bitcoin/comments/1n07v6e/has_anyone_seen_this_symbol_in_relation_to_bitcoin/,0,3,1n07v6e,reddit,Bitcoin,btc,en,0.0,109489.25875871583,,,,-99.46715550181398,-63.41799817125699,-36.04915733055699
2025-08-26 00:51:05,"what do i do with bitcoin now hey guys, i'm just starting out in the market and i saw that bitcoin is falling. i would like your opinion: is it worth buying heavily now, waiting to see if it drops more or selling everything at once?",https://www.reddit.com/r/Bitcoin/comments/1n080z4/what_do_i_do_with_bitcoin_now/,0,34,1n080z4,reddit,Bitcoin,btc,en,0.4215,109382.59978794768,,,,-122.14780555528705,-75.16395964806301,-46.98384590722404
2025-08-26 01:10:56,"pay attention ""btc is dead"" shouters, paper hands and newbies. https://preview.redd.it/mmrpg2c0j9lf1.png?width=1220&format=png&auto=webp&s=f3c16a171bcb2c85d21755dbfe2b23430c9c9ba1

first of all here is the link to the page for the picture above: [https://bitbo.io/dead/](https://bitbo.io/dead/)  
another eye opener: [https://bitcoindeaths.com/](https://bitcoindeaths.com/)

  
i recently saw a lot of people looking at btc hitting ath and then continuing with a correction, and people asking ""i just bought should i sell??"", ""bull market is over? i will buy at 50k!"". first, if you're looking to make big money with btc fast, you are investing in an asset class that you do not understand and is probably not good for your mental health. all these people you see who made millions off of bitcoin, gaining freedom, being mortgage free, they all started somewhere. you are telling me, you are skeptical about btc after it is correcting from an ath of $123,000? the stories you see from people are the ones who once believed in btc when it was at $100 or even $10,000, it was the exact same situation, no one knew what's going to happen, fud in the market was still at its peak.   
  
there are many people who have shared plethora of resources to learn about btc, books like ""the bitcoin standard"", ""broken money"" and videos like ""what's the problem?"" and websites like [https://www.satsvsfiat.com/](https://www.youtube.com/redirect?event=video_description&redir_token=quffluhqbtjqvwdvdtffaevdt0l4zm9sddhhy2fbdvfjd3xbq3jtc0ttanhrung1lwizbfpwdxvun2o2nknetnztetg4rfdwymlobu5hak5rn0znshlmdjlrb3zoenjuetl1sv9dukrettdny3lymhbsuzayd21kuv94yy1jqnzozwjymmjku2r0zxncltftbxvpnvfwtxewwq&q=https%3a%2f%2fwww.satsvsfiat.com%2f&v=ytfoxnbmd38). before you see the $$$ signs attached next to btc, understand what it is about, why satoshi nakamoto believed in such an idea and decided to share it with the world, why he saw a world where everyone had freedom, where everyone would not work till death against a system that is designed to make them lose. and if you still wish to make $$$ off of bitcoin then at least understand it is not a get rich quick scheme, it is a lesson that patience and perseverance wins, as bitcoin always has against every skeptic, every action of unethical exchanges and attempts of governments to ban it (like the china mining ban a few years back). open your eyes, see the reality. that paper money in your hand is making you weak and the sad part is the more you get of it, the more you believe in it.   
  
i hope you all find the strength to get out of the fiat system that is already rigged against you and understand that true value of life is not how much bank you make, or how much your btc holding is in $$$, but of how free you can be in a world where slavery has become a socially accepted behaviour.",https://www.reddit.com/r/Bitcoin/comments/1n08gsx/pay_attention_btc_is_dead_shouters_paper_hands/,125,21,1n08gsx,reddit,Bitcoin,btc,en,0.7236,109507.38849058,,,,-128.57089350053866,-85.84534641855815,-42.72554708198051
2025-08-26 01:20:31,bitcoin & the machine state ritual,https://johnbmint.substack.com/p/bitcoin-and-the-machine-state-ritual,5,2,1n08oh2,reddit,Bitcoin,btc,en,0.0,109396.10230855813,,,,-141.0155621830345,-96.87938957145343,-44.13617261158106
2025-08-26 01:52:51,limited bc question hey so i'm rather new to bitcoin but have been following for a long time. i have a question regarding it's divisibility. sure bc is only 21 million but it's also divisible to infinity. how is does mean there is any kind of limited supply? please help me out here. how am i not a sucker for buying .0002 bitcoins when .00002 might be just around the corner. need some professional help here.,https://www.reddit.com/r/Bitcoin/comments/1n09dmw/limited_bc_question/,0,34,1n09dmw,reddit,Bitcoin,btc,en,0.9308,109888.87712097097,,,,-109.84897213002841,-99.47330608316844,-10.375666046859976
2025-08-26 02:13:41,"don‚Äôt panic! i made this simple, crystal-clear bitcoin chart to guide beginners through these uncertain times üöÄ",https://i.redd.it/0yheqq42w9lf1.jpeg,330,32,1n09tr5,reddit,Bitcoin,btc,en,-0.6996,109982.6199719098,,,,-76.70080124858941,-94.91880511625264,18.218003867663228
2025-08-26 02:45:59,someone at my local steak n shake likes bitcoin first the window sticker now the wall! neat-o,https://i.redd.it/dpmiucly1alf1.jpeg,19,4,1n0ahqx,reddit,Bitcoin,btc,en,0.3382,109724.53153688488,,,,-70.4441801184148,-90.02388011668508,19.57969999827027
2025-08-26 03:41:27,"bitcoin keeps steady at 100k is actually good for us with < 1btc bitcoin keeps steady ad 100k is actually a good things for those who own less than 1 btc. considering bitcoin goes rocket high, said 10m, but for those who only own 0.1 or 0.01 btc, this amount is still not big enough to set one free. on the contrary, if we can stacks sats at this level for a longer time of period, it will be better for the future.",https://www.reddit.com/r/Bitcoin/comments/1n0bkmn/bitcoin_keeps_steady_at_100k_is_actually_good_for/,0,10,1n0bkmn,reddit,Bitcoin,btc,en,0.9042,109861.06325908208,,,,-53.84806686259981,-82.78871746586802,28.94065060326821
2025-08-26 04:03:53,"just sold a bunch of stuff in time for buying the dip. i just sold 3 babulabs 3d printers, along with some old camera gear and sonos speakers, to free up cash and buy the dip.

my average purchase price is around **$115,500**. like everyone else, i‚Äôm down right now, but the fundamentals of bitcoin are just too hard to ignore.

this isn‚Äôt about *trading* bitcoin. it‚Äôs about *understanding* it. the fundamentals speak for themselves. when stablecoins became regulated and the u.s. decided to ban the creation of a government-backed cryptocurrency, the writing on the wall became clear to me.

bitcoin is about fundamentals. that‚Äôs why i‚Äôm here.

wishing you all strong conviction and diamond hands, i‚Äôm hodling right alongside you.",https://www.reddit.com/r/Bitcoin/comments/1n0bzzg/just_sold_a_bunch_of_stuff_in_time_for_buying_the/,15,10,1n0bzzg,reddit,Bitcoin,btc,en,0.8442,109919.90245662886,,,48.696766258349754,-35.538035682810005,-73.33858110925641,37.800545426446405
2025-08-26 04:08:29,"to the more experienced hodlers at what price do you guys think this dip will bottom out at?

i'm not super familiar with these dips in the cycle, but i do want to get the most btc i can with the money i'm putting in.

why would i continue to put money in at $112k, or $109k if the community thinks the dip will bottom at $90k. i'd rather wait and put lump sums in at $100k or $95k or whatever i think is relatively close to the bottom.

edit:

thank you for those first few commentors who have been treating this as an opportunity to educate. i appreciate you! keep providing input!

i don't have disposable income at this point i my life, so it feels a little scary even though i believe bitcoin is the currency of the future. it's not a lack of faith.",https://www.reddit.com/r/Bitcoin/comments/1n0c308/to_the_more_experienced_hodlers/,0,38,1n0c308,reddit,Bitcoin,btc,en,0.7223,110002.70785153998,,,57.617372080763104,-14.182019230691367,-61.507268733543405,47.32524950285204
2025-08-26 04:17:03,"started stacking 22 days ago, just reached 1% of a bitcoin :) 5% is the next goal",https://www.reddit.com/gallery/1n0c8na,482,64,1n0c8na,reddit,Bitcoin,btc,en,0.5267,110121.45664893671,,,58.54787035612951,12.184359482605942,-46.768943090313535,58.953302572919476
2025-08-26 04:22:52,this is a bitcoin coin made from 1 oz 99.99% silverüëçüìàüöÄ,https://www.reddit.com/gallery/1n0cceg,0,8,1n0cceg,reddit,Bitcoin,btc,en,0.0,110109.30561765825,,,61.88757725031453,31.733612566429656,-31.068431958964894,62.80204452539455
2025-08-26 05:05:59,"i just bought btc for the first time! hey guys, i know prob no one cares about this but i just wanted to share that i finally bought some bitcoin for the first time :)

this is the start of my stacking journey and i‚Äôm planning to dca every week no matter what happens. i know september usually isn‚Äôt the best month and price might go down a lot, but i‚Äôm in this for the long term so i don‚Äôt really mind.

kinda excited to finally be a part of this journey instead of just watching from the sidelines. let‚Äôs see where this goes :)",https://www.reddit.com/r/Bitcoin/comments/1n0d3t0/i_just_bought_btc_for_the_first_time/,76,18,1n0d3t0,reddit,Bitcoin,btc,en,0.9623,110116.97985799728,,,61.991608009101945,47.30053244471492,-15.394639078228934,62.69517152294385
2025-08-26 05:16:08,"is this a right time to go all-in or will it be cheaper in future? my money was on interest, now i got it back and don't know what to do with it, i was waiting bitcoin drop to 90k but i feel like this might be the last chance to see bitcoin at 110k and it will never go below 100k. what do you say, should i go all in or wait for a while for a better chance? (and no i'm not going to split the money)",https://www.reddit.com/r/Bitcoin/comments/1n0d9v0/is_this_a_right_time_to_go_allin_or_will_it_be/,0,37,1n0d9v0,reddit,Bitcoin,btc,en,0.8782,110239.80518775592,109793.91999513315,,53.68649144100635,68.75583178941451,1.435455095299755,67.32037669411476
2025-08-26 05:20:37,bitcoin,https://i.redd.it/ceczb5tjtalf1.jpeg,7,2,1n0dckj,reddit,Bitcoin,btc,en,0.0,110239.80518775592,109805.66701946987,,71.73083617468495,84.78199701060657,18.10476347836112,66.67723353224545
2025-08-26 06:09:56,"daily discussion, august 26, 2025 please utilize this sticky thread for all general **bitcoin** discussions! if you see posts on the front page or /r/bitcoin/new which are better suited for this daily discussion thread, please help out by directing the op to this thread instead. thank you!

if you don't get an answer to your question, you can try phrasing it differently or commenting again tomorrow.

please check the [previous discussion thread](https://www.reddit.com/r/bitcoin/comments/1mzjmsg/mentor_monday_august_25_2025_ask_all_your_bitcoin/) for unanswered questions.",https://www.reddit.com/r/Bitcoin/comments/1n0e5kl/daily_discussion_august_26_2025/,26,56,1n0e5kl,reddit,Bitcoin,btc,en,0.9272,110132.97104416616,109834.26071661888,,71.72356076526388,87.84955093445024,32.05372096957895,55.79582996487129
2025-08-26 06:29:57,"easy way to buy bitcoin hi all,

i don‚Äôt have a lot of money but i want to put a little bit on bitcoin. which app is the easiest and cheapest to buy bitcoin. i am not in the us. thank you.",https://www.reddit.com/r/Bitcoin/comments/1n0egwk/easy_way_to_buy_bitcoin/,0,3,1n0egwk,reddit,Bitcoin,btc,en,0.8537,110015.7275004972,109854.30823970246,,64.78120109017456,79.899009346409,41.62277864494496,38.276230701464044
2025-08-26 06:34:24,bitcoin core vs. bitcoin knots: the silent duel of the code's guardians.,https://inbitcoinwetrust.substack.com/p/bitcoin-core-vs-bitcoin-knots-the,2,1,1n0ejgw,reddit,CryptoMarkets,btc,en,0.0,110039.745526793,109884.16109202293,,69.71610857330441,74.6753904352372,48.23330100300341,26.442089432233793
2025-08-26 06:41:29,tell me your holding through btc winter stories winter is coming,https://i.redd.it/d7mtcx5y7blf1.png,0,24,1n0ench,reddit,Bitcoin,btc,en,0.0,110048.84905484151,109914.46912074585,,56.96374127882179,70.4580172815331,52.678244258709356,17.779773022823747
2025-08-26 07:20:24,what does this comic mean? this was in bitcoin magazine in november 2024. barnes & noble california. i remember i took this picture why? because i didn‚Äôt quite understand what it was saying. but i took the picture because i do like it. it has a hopeful feeling.,https://i.redd.it/56rthm1xeblf1.jpeg,95,50,1n0f8jf,reddit,Bitcoin,btc,en,0.8959,109848.47833654826,109903.40877528842,,44.656708478948474,50.366878254149924,52.215971057797475,-1.849092803647551
2025-08-26 07:26:56,"recovered my dad‚Äôs old blockchain.com wallet (14 btc), but stuck with forgotten password ‚Äì need advice hey everyone,

i‚Äôm both excited and frustrated right now. after weeks of digging, i found that my dad actually bought around **14 btc back in 2015** on blockchain.com. the good news: i managed to recover access to the **email and keystore file** (not json, but the encrypted keystore). the bad news: nobody remembers the password.

here‚Äôs where i‚Äôm at:

* i‚Äôve tried some tools like **btcrecover** and **hashcat**.
* i have some **password hints** from my dad‚Äôs old saved browser passwords (so i‚Äôm not shooting completely in the dark).
* i know some services claim they can crack wallets, but most look sketchy and i‚Äôd rather not trust strangers with this.

my question:

* has anyone here had **success stories** recovering a blockchain.com wallet with password hints?
* is it realistic to attempt this myself, or is it a dead end without professional help?
* if there are trusted communities or resources you recommend (guides, success stories, etc.), please point me there.

i‚Äôm not asking anyone to crack it for me ‚Äî just want to know what‚Äôs actually worked for people and if there‚Äôs a **sane path forward** before i waste months on the wrong approach.

thanks in advance üôè

## update 1 

 just wanted to share where i‚Äôm at and hopefully get some feedback:
* i figured out this is a non-custodial wallet. so if i don‚Äôt get the password, there‚Äôs no recovery option from blockchain.com.

* i went to blockchain.com, logged in with the wallet id, and by entering a wrong password i was able to get back the wallet.aes.json file (encrypted wallet backup).

* i have around 20 base password variations that my dad typically used. using those, i generated about 1 million variants with the help of tools + llms.

* i tried those against the wallet.aes.json using btcrecover (cpu-based), but no luck so far.

my next step: i want to move this to hashcat (gpu-based) so i can test more possibilities.

now i‚Äôm considering a few approaches, and would love input from anyone who‚Äôs been through something similar:

* expand the wordlist: take my 20 known password hints and generate ~20‚Äì50 million variations (instead of just 1m) and run them in hashcat.

* pattern-based attack: try to define regex-style rules or patterns in hashcat, based on what i know about my dad‚Äôs password habits, instead of just a big flat wordlist.

other smarter approach? maybe i‚Äôm missing a more efficient way to combine hints + patterns so i‚Äôm not brute forcing blindly.

so my question is: what‚Äôs realistically the best way forward here? is it worth generating massive wordlists, or should i focus on getting good rules/patterns for hashcat?

any tweaks, tips, or alternative methods are welcome üôè",https://www.reddit.com/r/Bitcoin/comments/1n0fc41/recovered_my_dads_old_blockchaincom_wallet_14_btc/,1038,339,1n0fc41,reddit,Bitcoin,btc,en,0.9803,109806.68977323048,109919.28032601415,,53.95396712553926,30.718415238632588,47.9164598939645,-17.198044655331913
2025-08-26 07:56:24,"ethereum at all-time highs, altcoin season on the horizon. which microcaps are you watching? with ethereum climbing close to new all-time highs and bitcoin dominance showing some interesting movements, many in the space are already preparing for the long-awaited altcoin season.

historically, when eth gains momentum, capital tends to flow into mid-caps and eventually into microcaps. we‚Äôre already seeing strong signs of stabilization and consolidation across the market ‚Äì the kind of setup that often precedes explosive altcoin runs.

i‚Äôve been researching different microcaps in the rwa (real-world asset) sector since that narrative is gaining traction. one example is¬†**rem**, a utility token focused on real estate metaverse integration. it‚Äôs still tiny compared to others, but i find the microcap/rwa combo interesting given how eth dominance is shaping up.

curious to hear your thoughts:

* do you think this eth rally will trigger a proper altcoin season?
* which sectors (ai, rwa, gaming, defi) do you think will benefit the most?
* are there any microcaps you‚Äôre personally keeping an eye on?

let‚Äôs share some research and keep this a solid discussion for the community.",https://www.reddit.com/r/CryptoMarkets/comments/1n0fsb9/ethereum_at_alltime_highs_altcoin_season_on_the/,13,42,1n0fsb9,reddit,CryptoMarkets,btc,en,0.9761,110304.27215130757,109965.36394418214,,65.82905982032054,54.66743403048895,49.26665472126939,5.400779309219558
2025-08-26 08:05:24,"bitbox02 nova i‚Äôm planning on dca‚Äôing into bitcoin for now, so i was looking at getting the bitbox02 nova bitcoin-only edition. the thing is, i‚Äôm not sure if i should just stick to that or get the multicoin version in case i decide to diversify later.

would it make more sense to just buy the bitcoin-only version now and, if i switch up later, get a different wallet for the other coins? or is it smarter to go with the multicoin version right away, even if i‚Äôm only holding btc for the foreseeable future?",https://www.reddit.com/r/Bitcoin/comments/1n0fx8x/bitbox02_nova/,0,3,1n0fx8x,reddit,Bitcoin,btc,en,0.3395,110306.2734164487,110005.3081904756,,64.38304859009611,72.9675646731921,54.00683671165393,18.96072796153817
2025-08-26 08:10:11,"large correction incoming? or manipulated shake-out? hi, just wanted to see where everyones heads at rn, i've been through countless shakeouts in my years in crypto and this feels just like one, however some technicals suggest that we could be heading to a potential month long correction.

my guess would be that there are still alot of fools who are longing with high leverage at every dip and making it easy for market makers/whales to flush out leverage and as soon as those fools are exhausted, we then go for the massive $30b in liquidations waiting at $130k btc. news has also suddenly turnt bearish, youtube comments are not calling this the 'market top', x comments are no longer saying $1000 xrp lol, these are all psychological signs that we are at a bottom from my experience  
  
but as always, the crypto market does the opposite of what i expect, so a long ass correction is also very possible

what do you think?",https://www.reddit.com/r/CryptoMarkets/comments/1n0fzrs/large_correction_incoming_or_manipulated_shakeout/,9,5,1n0fzrs,reddit,CryptoMarkets,btc,en,-0.8722,110296.6086361924,110050.3335068573,,61.57083922071373,85.70275504606252,60.346020378535655,25.356734667526865
2025-08-26 08:19:11,"mind-blowing, little-known crypto concepts **1. liquidity = life force**

* **what most don‚Äôt know:** a token can look ‚Äúvaluable‚Äù on coinmarketcap, but without liquidity it‚Äôs just paper wealth. price ‚â† real exit.
* **real-world example:** imagine your house is ‚Äúvalued‚Äù at $10 million. but if only one buyer is willing to pay $3 millions, your real liquidity is $3 millions. same with low-liquidity coins ‚Üí you *can‚Äôt sell at the displayed price*.
* **insider trick:** always check ‚Äúliquidity depth‚Äù in pools/exchanges before buying anything new.

**2. tokenomics beat hype**

* **what most don‚Äôt know:** supply mechanics matter more than marketing. a token with infinite supply (like doge) behaves differently from a deflationary one (like eth after eip-1559).
* **analogy:** owning a business. one prints new shares every day (inflation), the other buys back shares (deflation). which stock would you rather hold long-term?
* **insider trick:** look at *vesting schedules*. if 80% of supply unlocks next month for insiders, price will crash.

**3. mev (miner/maximal extractable value)**

* **what most don‚Äôt know:** bots & validators *front-run your trades*.
* **analogy:** you go to a gold shop to buy a coin. a middleman sneaks in, buys it 1 second before you, then sells it to you for 2% higher. that‚Äôs what bots do on ethereum.
* **insider trick:** use mev-protected exchanges like **cowswap** or aggregators to avoid silent losses.

**4. stablecoins = shadow banking**

* **what most don‚Äôt know:** tether (usdt) and usdc aren‚Äôt just ‚Äústable money,‚Äù they‚Äôre *unregulated central banks*. they print billions of ‚Äúdollars‚Äù without full audits.
* **analogy:** imagine your neighborhood grocery issuing its own ‚Äúgift coupons‚Äù and everyone in town starts using them as money. suddenly, the grocery owner is more powerful than your local bank.
* **insider trick:** always diversify stablecoin holdings (usdt + usdc + dai) because one failing could wreck portfolios.

**5. whale games & liquidity hunts**

* **what most don‚Äôt know:** 90% of liquidation crashes are *engineered*. whales push prices to trigger stop losses.
* **analogy:** a shark sees a fishing net full of fish. he smashes the net to make the fish panic and scatter, then eats them cheap. whales do the same ‚Üí forcing liquidations to buy cheap.
* **insider trick:** never place obvious stop-losses at round numbers (like $20,000 btc). that‚Äôs *exactly* where whales hunt.

**6. network effects > technology**

* **what most don‚Äôt know:** the ‚Äúbest‚Äù blockchain doesn‚Äôt always win. adoption beats tech.
* **analogy:** qwerty keyboards are not the most efficient, but everyone uses them, so they dominate. same with bitcoin/ethereum ‚Üí their network adoption matters more than speed or cost.
* **insider trick:** invest in ecosystems with strong developer + user community, not just fast transactions.

**7. governance is power**

* **what most don‚Äôt know:** in daos and defi, holding governance tokens = *controlling the protocol*. insiders quietly accumulate governance tokens to steer projects in their favor.
* **analogy:** owning a few shares of a company doesn‚Äôt matter, but if you hold 51% voting rights, you can change the ceo. same with daos.
* **insider trick:** watch where venture capitalists accumulate governance tokens ‚Äî they‚Äôre future puppet masters.

**8. time horizons change risk**

* **what most don‚Äôt know:** every crypto strategy works‚Ä¶ until it doesn‚Äôt.
* **analogy:** playing musical chairs. if you‚Äôre in for 30 seconds, you win. if you stay for 5 minutes, the music stops and you‚Äôre wrecked.
* **insider trick:** decide *before entry* ‚Üí is this a 1-hour trade, 3-month swing, or 5-year hodl? otherwise you‚Äôll get trapped.

**9. narratives pump markets more than fundamentals**

* **what most don‚Äôt know:** most bull runs are driven by *stories*, not facts. ‚Äúdefi summer,‚Äù ‚Äúnft boom,‚Äù ‚Äúai + crypto.‚Äù
* **analogy:** think of fashion trends. it‚Äôs not about the *quality* of the fabric but the *story* behind it. crypto markets behave the same.
* **insider trick:** spot the next narrative before retail does ‚Üí ai tokens, rwa (real-world assets), privacy, etc.

**10. your private keys = your citizenship**

* **what most don‚Äôt know:** owning crypto isn‚Äôt about speculation ‚Äî it‚Äôs digital sovereignty.
* **analogy:** imagine your passport and bank account rolled into one key. if you lose it, you‚Äôre stateless and penniless. if you guard it, you‚Äôre your own nation.
* **insider trick:** use multisig wallets or hardware wallets like ledger/trezor. treat them like your passport + house deed combined.

‚ö° these are the **hidden layers** of crypto most beginners never even glimpse. the top 1% insiders profit by understanding these invisible rules of the game.",https://www.reddit.com/r/CryptoMarkets/comments/1n0g4jq/mindblowing_littleknown_crypto_concepts/,23,9,1n0g4jq,reddit,CryptoMarkets,btc,en,0.9254,110289.42423657324,110070.3608626374,,57.24971967617125,94.13068422843935,67.1029531485164,27.027731079922944
2025-08-26 08:19:50,"bitcoin is deflationist ? hello,¬†[r/bitcoin](https://www.reddit.com/r/bitcoin/)

i am interested in btc, and i‚Äôm still a novice about this subject. i‚Äôm accumulating sats :)  
so here is my question: a long time ago, when i read some books about economics and inflation, i understood that economists are really afraid of deflation. in my point of view, bitcoin is deflationary because, you know, there will only be 21 million btc.

i remember this point about deflation:

* money gains value over time
* people don‚Äôt consume a lot because money will be worth more tomorrow.
* companies invest less because money will be worth more tomorrow.
* lower wages and higher unemployment fewer jobs and lower salaries mean less money circulating. => people spend even less, pushing prices down further.
* back to the start

so in your opinion, why wouldn‚Äôt bitcoin have this effect on the economy if it were accepted by a lot of people?",https://www.reddit.com/r/Bitcoin/comments/1n0g4vj/bitcoin_is_deflationist/,2,34,1n0g4vj,reddit,Bitcoin,btc,en,0.7847,110289.42423657324,110085.70107587059,,57.85658406331132,99.66104829750839,73.6145721783148,26.046476119193585
2025-08-26 08:40:06,"bought 0.2 bitcoin in 2017 at 15,000$ - going to start buying the ‚Äúdip‚Äù now might buy some via ark etf as well",https://www.reddit.com/r/Bitcoin/comments/1n0gfr3/bought_02_bitcoin_in_2017_at_15000_going_to_start/,99,25,1n0gfr3,reddit,Bitcoin,btc,en,0.2732,110043.93459117365,110101.67122858502,,47.361284111965,83.27499660124886,75.54665706290162,7.728339538347242
2025-08-26 08:52:04,"random on ig wants to recover my wallet.dat ok so i posted on ig 11 years ago, asking if anyone knew how to recover a wallet.dat file.

on sunday someone i think from india replied, saying he has the software to recover this.

he sent me a dm and i said, well its a dead file to me.. i tried and it didnt work. however he has been hassling me since, non stop bombardment of messages and even trying to call me.

he said that he can't sleep over the fact it might have coin in it, as i used to mine. however it seems sketch as!! iv already been scammed out of 1.6btc on insta from someone promising mining contracts.

he now says that if i dont trust him, he can send me python code to unlock myself during a video call. i searched for scams as it seems super scammy.

anyone else experienced this on insta?

he said he is a freelance software developer and sent me a video of code which doesnt mean anything to me. he said he doesnt want the money (lol) and he would send me a contract (which wouldnt mean much since he's technically abroad to me)",https://www.reddit.com/r/Bitcoin/comments/1n0gm6m/random_on_ig_wants_to_recover_my_walletdat/,0,18,1n0gm6m,reddit,Bitcoin,btc,en,-0.4035,110184.36067096086,110117.83609917897,,48.022250228931775,80.68999953904131,76.57532555812956,4.114673980911746
2025-08-26 09:44:07,"fet analysis, agree? chart: fetch ai (fet/usdt)
i have identified the following support levels: 
0.35
0.63 
 and resistances:
0.9 
1.35 
2.2
the chart to date on daily timeframe shows what i think is a symmetric triangle.
ema 200 signals a price below threshold for a long time.
volumes are slightly down, thus signaling uncertainty and waiting for break out or break of the 0.63 level.
if we enter the fibonacci chart on the last move, we are now retesting the 61.8 level.

the trend in my opinion is overall bullish, after several months of descent. 
finally a as far as fundamental analysis is concerned i believe there may be an alt season imminent given: 
dominance of btc in big drop 
last part of btc ""bull season"" post halving 
eth at ath levels 
m2 money supply rising 
rate cut expected by fed in september",https://www.reddit.com/r/CryptoMarkets/comments/1n0hevf/fet_analysis_agree/,3,5,1n0hevf,reddit,CryptoMarkets,btc,en,0.1027,110232.39922815596,110133.46093775533,,49.74457727433706,81.5773084028624,77.57572212707613,4.001586275786266
2025-08-26 10:36:45,"when in doubt, zoom out : always remember that the last entire bitcoin will take ~34,6 years to be mined ü§™",https://i.redd.it/gn5golcydclf1.jpeg,72,9,1n0iag3,reddit,Bitcoin,btc,en,-0.3612,110358.87511015436,110151.26930068604,,57.68701538636164,91.4320816219406,80.34699402604903,11.085087595891565
2025-08-26 10:55:34,bitcoin atm spotted in hong kong üá≠üá∞,https://i.redd.it/xsr38yu9hclf1.jpeg,56,1,1n0im69,reddit,Bitcoin,btc,en,0.0,110251.6237522826,110157.77765585334,,58.081986798636805,89.55543287078035,82.1886817949953,7.3667510757850465
2025-08-26 11:42:24,"need advice from experts hi everyone,
i have a coupke of questions about crypto :
(im a layman and a beginner so ill need as easy of explanations as possible)
1. in blockchain technology, the special codes that you have to match, are they unknown to everyone. i guess what i was confused about was that why cant someone just know what the special code that we have to match is using machines if machines are actually validating the codes.
2. in the normal coins like bitcoin and ethereum, can someone be tracked if the entire transaction history is available in blocks?
3. so apart from speed and tokens being a factor, are there things you can do on bitcoin that you cant do in ethereum or solana and vice versa? 
4. also are there ways to use these currencies to directly pay for things in the real world now without converting them into usfdt or usdc and which ones are best for that
5. which wallets are the best for someone like me (i live in pakistan, idk if that matters)
6. which currency exchanges are the best for me?
7. nowadays for a beginner like me is it better to study coins and invest in them first or study coins a little and focus more on tokens and invest in them?
8. what is the best method of studying and investing in coins/tokens?
9. any general advice you guys have for a beginner like me.

thankyou so much for anyone who puts in effort and time. 
may god guide us!",https://www.reddit.com/r/CryptoMarkets/comments/1n0jifb/need_advice_from_experts/,1,3,1n0jifb,reddit,CryptoMarkets,btc,en,0.9874,109699.16278282904,110137.27051411188,,41.43333806275894,42.99358876037877,74.349663188072,-31.35607442769323
2025-08-26 11:53:17,"microstrategy and bitcoin: a colossus with feet of clay or a giant with no impact? the debate shaking the cryptosphere. the true test will come not at the peak, but in the storm of the next major bear market.",https://sylvainsaurel.substack.com/p/microstrategy-and-bitcoin-a-colossus,0,1,1n0jq6b,reddit,CryptoMarkets,btc,en,-0.0129,109689.9012476442,110115.91658359421,,40.97212007879289,5.284744114862406,60.53667937343008,-55.25193525856768
2025-08-26 11:55:31,"trading crypto via a multi-asset broker‚Äîgood idea? most traders i know stick to binance or bybit, but i‚Äôm considering a broker that handles both crypto and fx. the goal is managing eth, btc, and usd/jpy together without juggling accounts.
has anyone done this? how does liquidity and execution compare to major crypto exchanges?",https://www.reddit.com/r/CryptoCurrencyTrading/comments/1n0jrrf/trading_crypto_via_a_multiasset_brokergood_idea/,1,1,1n0jrrf,reddit,CryptoCurrencyTrading,btc,en,0.0,109689.9012476442,110088.42138658863,,45.564588427640764,-24.319447491900064,43.565454000364056,-67.88490149226412
2025-08-26 12:01:27,i just found my dads 676767 bitcoin wallet üò± guys i need help! so my skibidi dad forgot the password to his paper wallet? can you guys help? ü•∫üò¢üôèüôè,https://www.reddit.com/r/Bitcoin/comments/1n0jwd9/i_just_found_my_dads_676767_bitcoin_wallet/,0,8,1n0jwd9,reddit,Bitcoin,btc,en,0.7229,109677.9347150727,110060.32786295447,,46.33761490518396,-48.1910651953076,25.214150161229725,-73.40521535653733
2025-08-26 12:25:26,"ai can predict when you‚Äôll move your bitcoin ‚Äî even 3 days before you think about it we just dropped a new youtube video breaking down how ai and blockchain surveillance systems are tracking bitcoin holders, linking wallets to real identities, and even forecasting your next move.

this is the first episode in a weekly series we‚Äôre creating. every week we‚Äôll release a new video diving into bitcoin, ai, and financial surveillance.

would love to hear your feedback",https://youtu.be/0OY6JB1Zl9k?si=NwnOvgHLytLuI_oa,0,3,1n0kewr,reddit,Bitcoin,btc,en,0.7717,109670.25646561258,110037.19213402679,,24.997394953682743,-66.95722357860359,6.779875413263062,-73.73709899186665
2025-08-26 13:10:54,"bringing smart contracts & defi to bitcoin bitcoin has always been known as digital gold, the most secure and decentralized money in the world. but until recently, it lacked the ability to support smart contracts and defi at scale. that is where bitlayer, a bitcoin layer-2, comes in.

bitlayer uses the bitvm paradigm to bring programmability to bitcoin while maintaining bitcoin level security. users can pay gas fees directly in btc, which makes transactions simple and natural for bitcoin holders. the network also has a trust minimized bridge that issues 1:1 backed assets like ybtc, allowing people to put their bitcoin to work in lending, liquidity, and yield strategies without leaving the ecosystem.

the numbers show strong adoption. bitlayer currently secures around $430m in total value locked, ranking among the top bitcoin layer-2s, and has seen more than 51,000 active users in the past month. looking forward, bitlayer is preparing a major upgrade from a sidechain to a bitcoin native rollup, which would bring greater decentralization and scalability.

the project also has strong backing in asia, supported by a team with deep resources and community figures such as k-line master and he bi. one of the earliest exchanges to support bitlayer was bitget, which integrated the network before many others and continues to provide wallet support. bitlayer is also preparing to launch its token, though the broader story remains focused on how the network is scaling bitcoin for real-world use.

with its combination of smart contract support, secure bridging and upcoming rollup architecture, bitlayer is quickly becoming one of the most interesting experiments in bitcoin‚Äôs evolution, taking it beyond digital gold toward being the backbone of scalable defi.",https://www.reddit.com/r/Bitcoin/comments/1n0lg72/bringing_smart_contracts_defi_to_bitcoin/,0,1,1n0lg72,reddit,Bitcoin,btc,en,0.9977,110245.66642746348,110048.6890803751,,48.354240827454255,-34.995359559412464,-1.575171581272043,-33.42018797814042
2025-08-26 13:19:10,the btc for the moment ü§Øü•∏,https://i.redd.it/i2qeg0hx6dlf1.jpeg,59,6,1n0lna1,reddit,Bitcoin,btc,en,0.0,110151.7934038328,110054.2914742271,,46.23957376185322,-17.043651918822434,-4.668867648782122,-12.374784270040312
2025-08-26 13:19:35,"how do you track crypto treasury companies and etfs activity? been trying to tighten up my info flow for etf/treasury plays and curious what the community uses.

so far, i‚Äôve only come across:

* [**coinmarketcap**](https://coinmarketcap.com/etf/) ‚Üí good to follow inflows for eth and btc
* [**theblock**](https://www.theblock.co/data/crypto-markets/bitcoin-etf/bitcoin-spot-etf-volumes), [**datawallet**](https://www.datawallet.com/bitcoin-etf-tracker), and so on ‚Üí interesting for history and volumes
* [**solanaetfwatch**](https://solanaetfwatch.com/) ‚Üí solid for tracking current solana etf filings from the sec, but niche.

other than those, i haven‚Äôt found a tool that really gives **c**omprehensive, real-time coverage of sec etf filings (btc, eth, sol, etc.)

what are you guys actually using?

trying to build a better workflow here since missing an etf approval or treasury announcement can literally mean missing a pump.",https://www.reddit.com/r/CryptoMarkets/comments/1n0lnme/how_do_you_track_crypto_treasury_companies_and/,0,1,1n0lnme,reddit,CryptoMarkets,btc,en,0.8945,110151.7934038328,110059.43869167664,,46.41274692047673,-2.784694058878813,-4.292032930801461,1.5073388719226477
2025-08-26 13:45:08,"hodl on - i can feel it in these trying times, i'm bringing back this gem. old ogs will remember this one.

i'm in deep, you're in deep, and bitcoin has dropped from 122k to 109k. people are getting fearful, but let's keep it all in perspective. this is statistically a small drop percentage wise. ogs will remember 30-40% draw downs in hot bull markets with bitcoin and it wasn't a cause for concern. it was, in fact, normal. this is needed to flush everybody out, reset the system, and allow bitcoin to continue it's march higher. 

don't panic sell all your bags before the last big pump of the cycle. hodl on ladies and gentlemen, hodl on.",https://youtu.be/Yaxq3iggMdM?si=78SAvJDceP4vrxW-,0,0,1n0m9ud,reddit,CryptoCurrency,btc,en,0.7433,109997.19715213164,110066.87463245583,,42.951345200073284,-3.9138759959460003,-4.216401543830369,0.30252554788436825
2025-08-26 14:18:24,"french chipmaker sequans plans $200 million share sale to build bitcoin treasury here we have another company going and creating a btc treasury. it is interesting to see that the company is located in europe (france) given the confusion and just general issues crypto has faced in europe. 

more power to them though and with the current pullback its a solid opportunity to take advantage and stack more sats then they otherwise would have been able to! time will tell if companies keep doing this and if it as at the current pace that we are seeing.

personally i think strategy needs to stop buying just because they are becoming such a whale at this point.",https://decrypt.co/336838/french-chipmaker-sequans-200-million-share-sale-bitcoin-treasury,9,4,1n0n3sa,reddit,CryptoCurrency,btc,en,0.8748,109912.94479635972,110072.1873836123,,46.57398053607499,-11.474945768961334,-5.668110388856562,-5.806835380104772
2025-08-26 14:38:45,"first hardware wallet purchase | for my future child. i want to buy ¬£500 of bitcoin for my first ‚Äúhardware wallet‚Äù and put this into storage for my future children.

what do i need to know before i do this and how can i go about this the right way?

planning to make washers with the seed phrase stamped into storage.. whatcha think?",https://www.reddit.com/r/Bitcoin/comments/1n0nmjr/first_hardware_wallet_purchase_for_my_future_child/,13,28,1n0nmjr,reddit,Bitcoin,btc,en,0.168,110308.70258482089,110072.40890528794,,52.86895765640707,14.302329651021864,-1.6740223808808765,15.97635203190274
2025-08-26 14:53:13,"proof of work (pow) is killing crypto investments proof-of-work's massive energy use makes it environmentally unsustainable for crypto funds, as seen in bitcoin's high consumption equivalent to countries.  


monero's 2025 51% attack by qubic highlights pow's vulnerability to centralized mining power, freezing exchanges and eroding trust. 


bitcoin's mining centralization, with top pools controlling most hashrate, risks censorship and systemic failures, deterring stable investments.  


switching to open proof-of-stake or dpos  eliminates these issues, slashing emissions by 99%, enhancing security, and aligning with regulatory and esg demands for long-term viability.",https://www.reddit.com/r/CryptoCurrency/comments/1n0o026/proof_of_work_pow_is_killing_crypto_investments/,0,15,1n0o026,reddit,CryptoCurrency,btc,en,-0.7564,110291.86834755704,110071.68865184337,,51.392185929644285,32.99230907695892,5.259243910687083,27.733065166271835
2025-08-26 15:05:08,"how cross-chain bridges work # tl;dr

* cross-chain bridges enable assets, data, and information to be transferred between isolated blockchain networks, providing interoperability.
* interoperability is crucial to unifying isolated blockchain ecosystems and improving user experiences.
* cross-chain bridges provide dapps and tokens with multi-chain strategies that can increase volume, liquidity, and profitability.
* token holders benefit from access to new opportunities, lower fees, and enhanced accessibility.

# understanding how cross-chain bridges work

a cross-chain bridge is a protocol that enables the transfer of assets, data, or information between various blockchain networks. it allows users to interact with different blockchains, unlocking interoperability by facilitating communication and transactions between otherwise isolated ecosystems. bridges are great for transferring tokens, using dapps across chains, and optimizing blockchain functionalities.

# what types of cross-chain bridges are there?

there are several types of bridges in the web3 space, each serving a different purpose and need. as these bridges serve different roles, they operate in different ways. here is a brief overview of different types of bridges:¬†

**trust-based bridges**

trust-based bridges depend on a centralized authority to facilitate cross-chain asset transfers. despite being less susceptible to hacking, trust-based bridges require trust in the authority. trust-based bridges can support any asset, and all cross-chain bridges tend to fall between the categories of trust-based bridges or trustless bridges.

**trustless bridges**

as its name suggests, trustless bridges operate without a central authority. in contrast, trustless bridges rely on nodes or smart contracts, depending on the type of bridge.

**wrapped asset and altcoin bridges**

many bridges focus on transferring wrapped assets and altcoins across different chains. many of the assets are wrapped versions of popular cryptocurrencies, such as wrapped bitcoin (wbtc), or less popular altcoins and tokens. bridging these assets cross-chain opens up trading and arbitrage opportunities, as well as a higher trading volume on dexs for the asset.¬†

**stablecoin bridges**

other bridges focus on various stablecoins such as usdt, usdc, and dai. some stablecoin bridges have integrated different bridging protocols, such as circle‚Äôs cctp for usdc or chainlink‚Äôs ccip, to allow the movement of these assets.¬†

**nft bridges**

while nfts may have lost some of their glamour, some bridges focus on transferring digital collectibles or nfts across chains. nft bridges tend to be relatively rare, as market interest in digital collectibles has died down, and meme coins have become the recent craze.¬†

# how do cross-chain bridges work?

there are several types of bridging methods used in cross-chain bridges, depending on the specific bridge. here are a few common methods:

**lock and mint bridging**

one of the most common ways cross-chain bridges work is by using a lock and mint functionality. in this method, tokens are locked on one chain, and an equivalent number of tokens is minted on the other. should the user want to bridge assets back to their original chain, the newly minted version of the tokens is burnt, and the locked tokens are released.

**burn & mint bridging**

as its name suggests, with burn and mint, tokens are burnt (destroyed) on the source chain, and equivalent native tokens are minted on the destination chain. it is popular for one-way token bridging because it removes the source tokens from circulation.

**liquidity pool bridging**

with liquidity pool bridging, a token that exists on multiple blockchains is deposited into a large multi-chain digital pool of liquidity. this liquidity pool allows users to swap the token between supported blockchains easily, and liquidity providers earn a small fee every time a user bridges tokens. this approach eliminates the need for complex minting or burning processes, as tokens are exchanged directly in the liquidity pool.

**atomic swap bridging**

in atomic swap bridging, users swap assets on the source chain for assets on the destination chain. two users agree on the token swap terms, such as the amount and blockchain networks involved. to ensure the security of the transaction, hash time-locked contracts (htlcs) are used to ensure it takes place simultaneously on both chains or not at all

# why interoperability in web3 matters

blockchains are like isolated islands, each with its unique ecosystem, but with limited interaction. the isolation of blockchains creates a massive problem for the end user, which bridges help solve by transferring information and assets, essentially unifying these islands.¬†

as blockchain and web3 grow, so too will the importance of interoperability.

**the need for cross-chain asset transfer**

for many top dapps and tokens, a multi-chain strategy is essential to stay competitive and maximize profits, avoiding the limitations of running on a single, isolated chain. smaller tokens and dapps also benefit by increasing trading volume through listings on multiple dexs across different chains.

from a token holder‚Äôs perspective, cross-chain asset transfers allow access to diverse opportunities, such as lower fees or unique features.

# key benefits of cross-chain bridges

there are many different benefits to using cross-chain bridges, both for dapps and tokenized web3 projects, as well as for token holders. for dapps, cross-chain bridges can help grow their ecosystem. bridging tokens can increase their trading volume and liquidity by getting listed on several dexs.¬†

token holders, on the other hand, can benefit from a better user experience and easier access to assets.

# challenges and risks

the greatest risk with cross-chain bridges is their security. as the popularity of cross-chain bridges continues to grow, so does the risk of attacks. hackers are constantly seeking vulnerabilities in these protocols, making it essential to stay secure.

most hacks occurred due to flaws in smart contracts. other hacks occurred due to insufficient validation schemes, social engineering, and, as we‚Äôve seen with harmony horizon bridge, private key compromises.",https://www.reddit.com/r/CryptoCurrency/comments/1n0obj9/how_crosschain_bridges_work/,4,8,1n0obj9,reddit,CryptoCurrency,btc,en,0.9983,110381.4311249358,110075.92977628054,109968.72832112112,50.537328138842085,54.40408364227915,15.088211857005497,39.31587178527365
2025-08-26 15:13:11,bitcoin q2 dip similarities 'uncanny' as coinbase premium flips green,https://cointelegraph.com/news/bitcoin-q2-dip-similarities-uncanny-as-coinbase-premium-flips-green,5,6,1n0ojli,reddit,CryptoCurrency,btc,en,0.0,110321.60240541091,110077.53868472241,109975.06307520889,51.70556308578257,65.78703955166566,25.22797739593753,40.55906215572813
2025-08-26 15:43:32,"sold my 1 btc i just sold my 1 bitcoin to buy back later. i remember bought it when it was 13k when i was working at a min wage job. 
i have a weird feeling for selling it",https://www.reddit.com/r/Bitcoin/comments/1n0pcuf/sold_my_1_btc/,0,34,1n0pcuf,reddit,Bitcoin,btc,en,-0.0516,109719.04204452343,110049.01957511992,109978.22197407564,50.472959504933634,25.888106822400005,25.360003281230025,0.5281035411699797
2025-08-26 16:35:48,does anybody recommend the ton wallet? hello. i have some crypto saved in fidelity crypto but i don't have an actual crypto wallet used to spend crypto. i have telegram and telegram has a ton wallet and i was wondering if anybody has used it or like it? can you get btc with it?,https://www.reddit.com/r/Bitcoin/comments/1n0qqbh/does_anybody_recommend_the_ton_wallet/,4,7,1n0qqbh,reddit,Bitcoin,btc,en,0.7536,109662.1243937483,110029.92906524865,109979.16892117409,49.35379760016323,-10.207201295954292,18.246562365793164,-28.453763661747455
2025-08-26 16:43:16,bitcoin armory mirror needed hey all i had invested in bitcoin back in the day and the restore key is in the 16 line 5 numerical digits. which is one of armory‚Äôs oldest backs before they were encrypted with the new 8-21 word phrase. if anyone has information about this i would greatly appreciate the help!,https://www.reddit.com/r/Bitcoin/comments/1n0qxi8/bitcoin_armory_mirror_needed/,3,1,1n0qxi8,reddit,Bitcoin,btc,en,0.8047,109811.96002340046,110011.30903287065,109986.55435203442,52.6545209122167,-26.417979920166545,9.313653908601221,-35.73163382876777
2025-08-26 16:44:39,"grok‚Äôs btc vs. usd video game analogy ü§Ø i thought this was cool so i thought i would share. my prompt was based on some buttcoiner saying btc was ‚Äúfake internet money‚Äù. :

imagine you‚Äôre playing a massive online multiplayer game where the in-game currency is used to buy everything‚Äîfrom virtual houses to weapons. critics of bitcoin often dismiss it as ‚Äúfake internet money‚Äù because it‚Äôs digital, not backed by physical assets like gold, and created through complex computer processes (mining) rather than a central authority. but here‚Äôs an analogy that flips the script: **the us dollar (usd) is essentially the same kind of ‚Äúfake internet money,‚Äù except it‚Äôs controlled by a single player with cheat codes, while bitcoin has built-in rules limiting how much can ever exist.**
picture the federal reserve (the fed) as the game‚Äôs all-powerful admin. when banks need more money to lend out (like when the economy slows down), the fed doesn‚Äôt dig it up from some vault or mine it from the earth‚Äîit just types a few commands into their digital ledger and poof, new bank reserves appear out of thin air. this is called quantitative easing or open market operations. it‚Äôs like the admin spawning unlimited gold coins in the game whenever players complain they‚Äôre broke. those reserves then multiply through fractional reserve banking, where banks lend out way more than they actually hold, creating even more digital dollars in the system. there‚Äôs no hard cap; the supply can inflate endlessly based on the fed‚Äôs decisions, which can lead to devaluation (inflation) if they overdo it. sure, it‚Äôs ‚Äúreal‚Äù money because the government says so and enforces its use through laws and taxes, but at its core, it‚Äôs just entries in a computerized database‚Äîno different from pixels on a screen.
now, contrast that with bitcoin: it‚Äôs like a game where the developers hardcoded a strict limit of 21 million coins ever, enforced by math and a decentralized network of players (miners) who all agree on the rules. no single admin can cheat and spawn more; you have to ‚Äúearn‚Äù it by solving cryptographic puzzles, which gets harder over time. critics call bitcoin ‚Äúfake‚Äù because it‚Äôs intangible and volatile, but it has scarcity baked in, making it more like digital gold than the fed‚Äôs infinite-print button.
in the end, both are ‚Äúfake‚Äù in the sense that they‚Äôre human inventions relying on collective belief and technology to hold value. but if bitcoin is fake internet money, the usd is fake government internet money‚Äîwith the added risk that the printer never runs out of ink. this analogy highlights why some bitcoin advocates argue it‚Äôs a hedge against fiat currencies like the usd, which can be debased at will.",https://www.reddit.com/r/Bitcoin/comments/1n0qyw4/groks_btc_vs_usd_video_game_analogy/,0,1,1n0qyw4,reddit,Bitcoin,btc,en,-0.7473,109811.96002340046,109990.28707263285,109993.93978289477,52.93001831473493,-38.8176728032995,-0.3126114337789234,-38.505061369520575
2025-08-26 16:48:10,"alt season 2025 what are your expectation for this altseason? 
so far i have seen mainly a bitcoin bullrun during this cycle. alts pumped last year november to january but after that they were bleeding for the majority of 2025. most likely in september further bleeding will be happening. as from my point of view we will have one last pump during november/december before the final downtrend will start.
btc and eth and maybe another handfull ls has achieved new ath. but other than that it was very disappointing cycle i have to say. 
what are your strategies for the next months? 
when do you expect the top for alts to come? 
how long will a proper alt season last?",https://www.reddit.com/r/CryptoMarkets/comments/1n0r2b6/alt_season_2025/,30,49,1n0r2b6,reddit,CryptoMarkets,btc,en,-0.6704,109830.69831465706,109963.878232858,109989.16004427397,53.490648105265144,-46.59537279322103,-9.569163705667346,-37.02620908755368
2025-08-26 16:53:14,"btc to $1m is faster than you think yes, i said it! ignore all the short term price action, unless you are a trader, is mostly price manipulation. institutions and goverments are loading up, just follow the the money....soon you can buy a house with just 1 btc",https://www.reddit.com/r/Bitcoin/comments/1n0r7ac/btc_to_1m_is_faster_than_you_think/,135,56,1n0r7ac,reddit,Bitcoin,btc,en,-0.3164,109769.20099200186,109939.75709484397,109994.75888893969,36.64805217604561,-57.06378031572967,-19.068087027679812,-37.995693288049864
2025-08-26 17:00:35,future of bitcoin in finance with maestro - youtube podcast,https://www.youtube.com/watch?v=3KWOYHJZlnw,1,5,1n0reko,reddit,CryptoMarkets,btc,en,0.0,109881.034253352,109948.85066837011,110004.72757824778,42.48815475504505,-55.694052764811204,-26.393280175106092,-29.30077258970511
2025-08-26 17:19:19,bbusdt i feel bitcoin is gonna pop starting the alt season. btc dominance to hit 54%. got a long position on bbusdt. any thoughts?,https://www.reddit.com/r/CryptoMarkets/comments/1n0rxe3/bbusdt/,0,1,1n0rxe3,reddit,CryptoMarkets,btc,en,0.2023,109852.22185568292,109956.96669877204,110011.62424554984,41.81957609324589,-56.2846392240026,-32.3715519848854,-23.913087239117203
2025-08-26 17:24:58,"long-term network security incentives i have been following bitcoin for a while now, but i still have one issue that i can't seem to drop. the crux of my issue is: what happens when bitcoin's price is no longer able to double at the halving?   
  
luckily, we have been fortunate to not experience this yet, but in the scenario where this happens, bitcoin miners profits will decline immediately, which will cause less liquid miners to shut down. this would directly affect the security of the network. now, at this point the block difficulty would adjust, so mining would be cheaper, which would in turn cause more mining again and the cycle repeats. 

this is where transaction fees come in. basically, in the scenario that bitcoin's reward is too low, fees are supposed to incentivize miners to keep mining. but how are fees supposed to incentivize miners if block rewards are decreasing at a rate greater than transaction fees are growing?  
  
i'm specifically referring to price\*block reward too, so 3.125\*110000= $343,750 total reward per block. this means that the compensation per block must not go below this number without suffering losses in hash rate... right?",https://www.reddit.com/r/Bitcoin/comments/1n0s317/longterm_network_security_incentives/,2,9,1n0s317,reddit,Bitcoin,btc,en,0.9831,109881.56191396229,109966.54973208797,110021.33343765793,46.61046974432115,-53.765411553235026,-36.65032389855533,-17.115087654679698
2025-08-26 17:38:37,"bitcoin is dead‚Ä¶ again every time the news says *‚Äúbitcoin is finished‚Äù*, i check the chart and it‚Äôs literally just taking a power nap like:

üìâ *2025 dip: ‚Äúi‚Äôm dying guys.‚Äù*  
üìà *2026 pump: ‚Äújust kidding, gimme your house mortgage.‚Äù*

at this point bitcoin has ‚Äúdied‚Äù more times than a marvel character, and still comes back with a sequel nobody asked for.",https://i.redd.it/sf660247helf1.jpeg,304,68,1n0sg4v,reddit,Bitcoin,btc,en,0.7152,109781.42682970222,109971.72433781943,110019.18443183256,46.18047532238536,-59.166930366904126,-41.153645192225085,-18.01328517467904
2025-08-26 17:47:07,"trying to figure out what comes next after some unexpected gains this cycle has been wild ‚Äî i started with what i thought was just ‚Äúextra‚Äù savings, and it‚Äôs grown into way more than i ever pictured. honestly, it feels a little unreal to see the numbers now.

but it‚Äôs also left me with a big question: what‚Äôs the smartest move when things cool down? do people usually cash out into real-world assets, roll it back into btc/eth, or keep going deeper into alts?

i‚Äôm not trying to flex ‚Äî more just surprised at how quickly things escalated and trying to learn from those who‚Äôve been here before. if you‚Äôve had success in past cycles, how did you handle it? did you protect your gains, or did you double down?

would love to hear both good and bad experiences ‚Äî what worked, what didn‚Äôt, and what you‚Äôd do differently.",https://www.reddit.com/r/CryptoMarkets/comments/1n0soip/trying_to_figure_out_what_comes_next_after_some/,15,19,1n0soip,reddit,CryptoMarkets,btc,en,0.9876,109635.77051062732,109970.00004007018,110012.24744260691,27.135295800672182,-74.34393004322192,-47.79170216242446,-26.55222788079746
2025-08-26 17:55:40,this bitcoin miner uses just 24w,https://youtu.be/lmcj8sOW6Rk,11,4,1n0swp8,reddit,Bitcoin,btc,en,0.0,109782.674559985,109946.85044669625,110013.4103030689,34.10380812914994,-73.66867593723873,-52.967096917387316,-20.701579019851415
2025-08-26 18:37:48,strategy is the #1 performing large-cap u.s. stock since adopting the bitcoin standard.,https://i.redd.it/bthsd7muqelf1.jpeg,31,5,1n0u0uf,reddit,Bitcoin,btc,en,0.0,110484.93147876556,109963.50735044289,110025.88766746256,52.337072731728234,-16.27960668153537,-45.62959887021693,29.34999218868156
2025-08-26 18:46:22,"bitcoin in 2026? so while upon my research, people from all over the world are divided into 2 groups

the first one thinks bitcoin is going to pump to 200k in 2026

the second one thinks bitcoins is going to dip to 60k in 2026

what do you guys think?
all tips advice and opinion are welcomed",https://www.reddit.com/r/Bitcoin/comments/1n0u8uq/bitcoin_in_2026/,0,51,1n0u8uq,reddit,Bitcoin,btc,en,0.4137,110902.76006030914,110001.05568326669,110045.54481953617,61.29638955167963,62.19991683772241,-24.063695728629064,86.26361256635147
2025-08-26 18:47:40,bitcoin in 2026?,/r/Bitcoin/comments/1n0u8uq/bitcoin_in_2026/,2,1,1n0ua21,reddit,CryptoMarkets,btc,en,0.0,110902.76006030914,110046.33382867556,110063.54586371157,80.04733270022129,122.97789205265872,5.34462182762849,117.63327022503023
2025-08-26 18:58:36,"trying to locate a long lost youtuber i put question mark because maybe he's still active. and i'd imagine has discussed bitcoin.

there was a youtuber going back 10-15+ years ago who fit the following profile:

1. white male, seemed to be in 30s or 40s as of 2008-2012 period; guessing is in his 50s now
2. said he was former high-level investment banker, patrick bateman-like schtick at that time (he showed old footage from his banker days)
3. new look was surfer dude, with longish hair, maybe reddish in color. had large teeth reminiscent of gary busey, but not nearly as odd looking of a guy. many of his videos were shot in black and white from what i recall.
4. financial commentator, somewhat of the zero hedge mold; i recall a lot of bearish content, and discussion about 'burn rate' and reducing expenses
5. his channel or handle may have contained the letter x, though may be remembering wrong
6. he moved from mainland us to hawaii and built a home in the jungle there, which may have been an off-grid home

was seeing if any of his old content is still online.",https://www.reddit.com/r/Bitcoin/comments/1n0uk92/trying_to_locate_a_long_lost_youtuber/,3,3,1n0uk92,reddit,Bitcoin,btc,en,-0.1918,110753.61395335088,110088.36728652513,110076.18900979987,76.46697424840411,157.29681120101304,35.7350597023054,121.56175149870765
2025-08-26 18:58:45,ceo of coinbase asset management says bitcoin and crypto markets could explode in ‚Äòsouth sea bubble‚Äô-style move ‚Äì here‚Äôs his forecast,https://dailyhodl.com/2025/08/26/ceo-of-coinbase-asset-management-says-bitcoin-and-crypto-markets-could-explode-in-south-sea-bubble-style-price-swings-heres-his-forecast/,9,5,1n0ukde,reddit,CryptoCurrency,btc,en,0.3612,110753.61395335088,110110.61285495164,110089.0751765137,74.62293026763072,182.3922970158019,65.06650716500471,117.32578985079718
2025-08-26 19:07:21,a bar chart race showing bitcoin's market cap dominance over the last decade. i created this data visualization to track the market cap race over the last 10+ years. it shows bitcoin's staying power and how it has weathered every market cycle compared to thousands of other projects. i actually had to make it focus on the runner ups until the end as bitcoins dominance made the animation less visually interesting. at the end of the video it scales up to show the full picture with bitcoin.,https://www.youtube.com/watch?v=xPeKB4MhvBo,4,0,1n0uslr,reddit,Bitcoin,btc,en,0.7203,110680.07890243208,110130.02338269539,110100.33715740239,71.85944800223737,194.10941378294956,90.87508848859369,103.23432529435587
2025-08-26 19:08:59,bitcoin is working.,https://i.redd.it/sh3auf8cxelf1.jpeg,106,6,1n0uu43,reddit,Bitcoin,btc,en,0.0,110553.16526296876,110138.61008959703,110106.60435890665,67.2520456406807,190.95325295921066,110.89072138271709,80.06253157649357
2025-08-26 19:12:24,exec ord 6102 was signed on apr 5 1933 the same year a theorem central to btc was proven. satoshi's bday is apr 5. the fed's inept actions helped worsen the great depression instead of dampening the business cycle. a common motif in this work is a rat on a cycle...,https://i.redd.it/xpycsjhxxelf1.jpeg,50,0,1n0uxdr,reddit,Bitcoin,btc,en,-0.4404,110566.73051647302,110150.86649515014,110113.14286548099,69.49066689981368,187.386500422901,126.18987719075389,61.19662323214712
2025-08-26 19:35:05,"almost a whole coiner ‚Äî 0.95 btc! what now? finally close to hitting that 1 btc milestone since 2018 when i had only 200$ ‚Äî im sitting at 0.95 right now.

here‚Äôs my dilemma:
	‚Ä¢	i know the long-term play is never sell.
	‚Ä¢	still, i keep thinking about trimming a tiny % when things hit bubble territory (like the rainbow chart says).
	‚Ä¢	but my real goal: turn this into retirement without selling.

for those ahead of me on the journey:
üëâ how do you make btc work for you without selling? loans? yield strategies? just wait until hyperbitcoinization?

would love to hear from ogs ‚Äî how long until this stack can realistically make me work-free?",https://www.reddit.com/r/Bitcoin/comments/1n0viox/almost_a_whole_coiner_095_btc_what_now/,129,58,1n0viox,reddit,Bitcoin,btc,en,0.8556,111110.11801666029,110220.420293757,110132.6858049309,74.80511017347433,225.80372850285494,146.1126474531741,79.69108104968083
2025-08-26 19:47:09,"bitcoin security vs nano security : transaction confirmation speed and irreversibility let's dive into one of the key differences between btc and xno (nano): 

how quickly and irreversibly transactions confirm.

bitcoin :
confirmations are *probabilistic*. each block adds security, but it's not instant. 

for high confidence (say, 6 confirmations to avoid double-spends), you're looking at ~1 hour on average (blocks every ~10 mins). it's secure but slow, not ideal for quick coffee buys.

reversals are possible in theory via chain reorgs, though rare in bitcoin but happening now in other pow chains 

nano

*deterministic* finality. using a block-lattice and open representative voting (orv), transactions confirm under 1 second! 

once voted on by reps, it's irreversible. no mining, no fees, feeless and eco-friendly. perfect for microtransactions or daily use.",https://www.reddit.com/r/CryptoCurrency/comments/1n0vtyh/bitcoin_security_vs_nano_security_transaction/,0,7,1n0vtyh,reddit,CryptoCurrency,btc,en,0.4172,110935.5190518804,110284.09002666359,110151.08163595853,70.64785968268697,239.40131196196307,164.77038035493192,74.63093160703116
2025-08-26 20:25:27,"to those selling, you are cowards bitcoin isn‚Äôt dead and there isn‚Äôt any more bitcoin winters. 

the us government is in. blackrock is in. there is no incentive from any or these big players to let btc drop. they can hedge against the downside, but they cannot stop the upside.

mstr alone is buying up more btc than is mined. exchanges are at historic lows. plus the big print incoming‚Ä¶ 

supply shock is inevitable.

if you sell now during the time of the year that is typically a low period‚Ä¶ you‚Äôre a moron. hodl. if you don‚Äôt have conviction in bitcoin rn, then you don‚Äôt truly understand what it is you‚Äôre holding (and that‚Äôs okay). go study‚Ä¶ get off btc reddit and go read. listen to podcasts. cram as much information as you can into your brain in the shortest time frame‚Ä¶ this is how you win.

recommended reading: 
- the big print (lawrence lepard)
- the price of tomorrow (jeff booth)
- british hodl‚Äôs free bitcoin course (not a book but it‚Äôs very good, and free on his website)",https://www.reddit.com/r/Bitcoin/comments/1n0wunp/to_those_selling_you_are_cowards/,23,25,1n0wunp,reddit,Bitcoin,btc,en,0.8799,111218.0826657403,110354.39615878058,110174.64837873749,73.23179028472507,269.8671563821408,185.78973556037369,84.07742082176713
2025-08-26 20:26:02,btc are recovering recently what do you think of them?,https://www.reddit.com/r/Bitcoin/comments/1n0wv85/btc_are_recovering_recently/,1,0,1n0wv85,reddit,Bitcoin,btc,en,0.0,111218.0826657403,110424.70229089758,110198.03305095546,75.87304792417311,290.66099851895706,206.76398815209035,83.89701036686671
2025-08-26 20:27:15,"bitcoin security vs nano security : transaction confirmation speed and irreversibility let's dive into one of the key differences between btc and xno (nano): 

how quickly and irreversibly transactions confirm.

bitcoin :
confirmations are *probabilistic*. each block adds security, but it's not instant. 

for high confidence (say, 6 confirmations to avoid double-spends), you're looking at ~1 hour on average (blocks every ~10 mins). it's secure but slow, not ideal for quick coffee buys.

reversals are possible in theory via chain reorgs, though rare in bitcoin but happening now in other pow chains 

nano

*deterministic* finality. using a block-lattice and open representative voting (orv), transactions confirm under 1 second! 

once voted on by reps, it's irreversible. no mining, no fees, feeless and eco-friendly. perfect for microtransactions or daily use.",https://www.reddit.com/r/CryptoMarkets/comments/1n0wwec/bitcoin_security_vs_nano_security_transaction/,1,1,1n0wwec,reddit,CryptoMarkets,btc,en,0.4172,111283.42953989288,110497.33885215936,110226.73207502234,80.55694693259005,308.85295028479595,227.1817805786315,81.67116970616445
2025-08-26 20:32:43,bitcoin is ‚Äòfunny internet money‚Äô during a crisis: tezos co-founder,https://cointelegraph.com/magazine/tezos-blockchain-arthur-breitman-calls-bitcoin-funny-internet-money/,1,1,1n0x1mz,reddit,CryptoCurrency,btc,en,-0.6249,111347.49276998133,110576.25344105833,110257.54813495737,79.94058580032362,324.6966693074646,246.68475832439816,78.01191098306646
2025-08-26 20:34:40,"what's the best instant exchange to sell bitcoin i am mining bitcoin and want to hold as much as possible, but to keep my machines running i need to sell some. i do not like using p2p because it takes too long and i have had issues before. changenow froze one of my orders and that made me lose trust in the process.

i also do not trust centralized exchanges, so i avoid them completely. now that exch has shut down, i feel stuck without any reliable options left. is there any method that could help me sell without giving up control or going through all the hassle, something fast and secure that does not involve the usual problems i have faced?",https://www.reddit.com/r/Bitcoin/comments/1n0x3ix/whats_the_best_instant_exchange_to_sell_bitcoin/,1,0,1n0x3ix,reddit,Bitcoin,btc,en,0.1733,111347.49276998133,110649.5763668898,110278.41254733084,72.568927127695,333.409592538228,264.02972516716414,69.37986737106388
