timestamp,text,source,url,author,like_count,retweet_count,reply_count,quote_count,lang,coin,id,sentiment
2025-08-18 15:55:18,"üá∫üá∏ PRESIDENT TRUMP SAID #BITCOIN ""TAKES A LOT OF PRESSURE OFF THE DOLLAR.""

IT IS ‚ÄúMUCH MORE IMPORTANT THAN ANYTHING WE INVESTED IN.‚Äù üî• https://t.co/QLh6TRNMDV",twitter,https://x.com/TheBitcoinConf/status/1957471373699219588,TheBitcoinConf,2374,453,110,24,en,bitcoin,1957471373699219588,0.1596
2025-08-18 15:59:47,"Owning one whole Bitcoin is out of reach for most, but the equivalent on ADA is quite doable https://t.co/a9St8aRBnt",twitter,https://x.com/deezy_BTC/status/1957472503153975765,deezy_BTC,531,67,20,4,en,bitcoin,1957472503153975765,0.0129
2025-08-18 16:44:00,"üßêDefinido como activo digital limitado y descentralizado

üü†#Bitcoin surge como cobertura frente a la irresponsabilidad monetaria y fiscal de gobiernos y bancos centralesüìä https://t.co/VKSEHZhLSU",twitter,https://x.com/cryptosybitcoin/status/1957483631091302874,cryptosybitcoin,46,6,3,0,es,bitcoin,1957483631091302874,0.0
2025-08-18 17:00:33,"Tom Lee ( @fundstrat ) already predicted ETH to $4,000

If we take into account last year‚Äôs 0.05 ETH/BTC ratio ETH's already approaching $6,000

But with a more treasuries buying and a rising BTC backdrop Tom Lee is predicting a much higher ETH price:

‚ÄúBy the year end it‚Äôs not https://t.co/jKs7HjhXuD",twitter,https://x.com/BanklessHQ/status/1957487797696438741,BanklessHQ,635,77,35,7,en,bitcoin,1957487797696438741,0.4194
2025-08-18 17:27:52,"Whop is now officially independent from Stripe.

What this means for anybody running a business on Whop:

&gt; Orchestration through multi-PSPs is now available (lifts your revenue by 5 - 10%)

&gt; Sellers can get paid out in nearly every country via local banks, BTC, or stablecoins https://t.co/Xol0JJkvUb",twitter,https://x.com/cultured/status/1957494669031702932,cultured,1964,183,349,109,en,bitcoin,1957494669031702932,0.0
2025-08-18 17:35:34,Saifedean Ammous says #Bitcoin is growing faster than anything in history and it's going to $100 trillion üöÄ https://t.co/CtJ4QHgvWq,twitter,https://x.com/BitcoinNews21M/status/1957496606346854704,BitcoinNews21M,426,84,21,3,en,bitcoin,1957496606346854704,0.1779
2025-08-18 18:19:23,"There it is.

Trump says he likes the idea of starting a war so he can declare ‚Äúno more elections‚Äù and stay in office forever. https://t.co/W3AycWoEEW",twitter,https://x.com/NoLieWithBTC/status/1957507636779446523,NoLieWithBTC,9381,3154,1805,241,en,bitcoin,1957507636779446523,-0.2732
2025-08-18 18:43:32,BITCOIN HISTORY: Satoshi launched Bitcoin . org exactly 17 years ago today. https://t.co/4bix319Gzd,twitter,https://x.com/BTC_Archive/status/1957513713994367222,BTC_Archive,4939,931,229,67,en,bitcoin,1957513713994367222,0.128
2025-08-18 19:42:31,"Core is intentionally opening the door for Bitcoin to become more like Ethereum. This is the stated intent of Core developers. They want to ‚Äúfuture proof‚Äù any use case that wants to be developed on Bitcoin.

I‚Äôm sorry but I do not want Bitcoin to become Ethereum. https://t.co/22CsLW9znh",twitter,https://x.com/Dennis_Porter_/status/1957528556294267283,Dennis_Porter_,758,91,76,14,en,bitcoin,1957528556294267283,0.3284
2025-08-18 19:46:59,"Ethereum could reach $6K‚Äì$7K by year-end. 

At $BTC $150K and ETH/BTC 0.04, that‚Äôs ~$6,600, well within reach if momentum holds. Short-term, $4,800 (ATH) is the key level. 

I‚Äôm buying dips, riding higher highs/lows, and targeting $6.5K+.

Check my positioning üëâ https://t.co/9KHj03HjEO",twitter,https://x.com/VirtualBacon0x/status/1957529678451019964,VirtualBacon0x,889,100,70,1,en,bitcoin,1957529678451019964,0.3182
2025-08-18 20:41:58,"#SPX6900 will be the Biggest and the Greatest Cryptoasset since Bitcoin.

Credit: @arcane_vault https://t.co/i8Lz5MlSin",twitter,https://x.com/MustStopMurad/status/1957543515699003556,MustStopMurad,2022,515,360,41,en,bitcoin,1957543515699003556,0.7783
2025-08-18 21:00:36,"üîç ARCS #Airdrop 

‚úîÔ∏è Guaranteed distribution by Airdrop Detective

üèÜ Airdrop Pool: 2,500 USDT 

üî¥ Start the airdrop bot: https://t.co/mZASmNH18L

üîò Do the tasks on the bot &amp; submit your data.

üîò Details: https://t.co/eGBqd2YBOP

#Airdrops #BTC #ARCS #USDT #AirdropDetective https://t.co/ILNiUsScNR",twitter,https://x.com/AirdropDet/status/1957548206776086760,AirdropDet,2522,2445,589,171,en,bitcoin,1957548206776086760,0.0
2025-08-18 21:10:58,"Bitcoin is probably going to $1,000,000!!

I AM SUPER BULLISH!! https://t.co/0PR48nKt4H",twitter,https://x.com/3orovik/status/1957550814093840702,3orovik,537,92,109,3,en,bitcoin,1957550814093840702,0.7783
2025-08-18 21:50:02,üá∫üá∏ President Trump says the Federal Reserve should lower interest rates by 3 or 4 points to 1%. https://t.co/taLx8kUb4b,twitter,https://x.com/BTCjunkies/status/1957560645781430408,BTCjunkies,1146,220,48,7,en,bitcoin,1957560645781430408,0.2023
2025-08-19 00:55:30,"MICHAEL SAYLOR SAYS, ‚ÄúWHEN WALL STREET IS 10% #BITCOIN, BITCOIN WILL BE $1,000,000 A COIN.‚Äù

IT‚ÄôS COMING!!! üöÄ https://t.co/aqJFstrHbM",twitter,https://x.com/Vivek4real_/status/1957607320453804489,Vivek4real_,1052,176,110,6,en,bitcoin,1957607320453804489,0.0
2025-08-19 01:42:41,"DANGEROUS PATTERN FORMING FOR #BITCOIN, DO WE INVALIDATE IT ? $btc $eth https://t.co/O1rCQRokxw",twitter,https://x.com/Jamyies/status/1957619194813726913,Jamyies,106,36,40,0,en,bitcoin,1957619194813726913,-0.5904
2025-08-19 04:29:52,"Michael Saylor is purposely buying less $BTC.

In the past 3 weeks, Saylor has only bought 585 BTC worth $67.5 million.

But why is he doing it?

Let me explain you.

As per some reports, MicroStrategy inclusion in S&amp;P 500 is now confirmed.

By next month, MicroStrategy will be a",twitter,https://x.com/Zynweb3/status/1957661266413064246,Zynweb3,334,82,126,2,en,bitcoin,1957661266413064246,0.1154
2025-08-19 06:04:38,"CAITLIN LONG JUST CONFIRMED LIVE ON CNBC THAT THE HOUSE WILL PASS #BITCOIN CRYPTO MKT STRUCTURE BILL

TRILLIONS INCOMING!!! https://t.co/f1HxC05pLL",twitter,https://x.com/Vivek4real_/status/1957685116391813455,Vivek4real_,1019,158,66,9,en,bitcoin,1957685116391813455,0.0
2025-08-19 06:31:37,"BlackRock sold both BTC and ETH today.

It sold $68.7M worth of BTC and $87.2M worth of ETH yesterday.

It feels like even big money isn't ready to enter now due to macro uncertainty. https://t.co/dKIuC1Bfoz",twitter,https://x.com/Zynweb3/status/1957691908228080006,Zynweb3,299,108,177,4,en,bitcoin,1957691908228080006,0.1999
2025-08-19 07:00:03,"On August 11, 2020 a public company called fiat‚Äôs bluff.
MicroStrategy (now known as Strategy) moved $250 million USD into 21,454 BTC.

Michael Saylor chose math over printing presses and consensus rules over political promises.
A corporate balance sheet became part of the https://t.co/6QcurbvWnu",twitter,https://x.com/GOATRollup/status/1957699062330966111,GOATRollup,9021,8877,9106,53,en,bitcoin,1957699062330966111,0.3818
2025-08-19 07:05:13,"üá∫üá∏ ERIC TRUMP: ‚ÄúI hear it from sovereign wealth funds, the wealthiest families, and the biggest companies ‚Äî it‚Äôs a race to accumulate as much Bitcoin as possible.‚Äù üöÄ https://t.co/fVqUGdVNpQ",twitter,https://x.com/CryptosR_Us/status/1957700363273822343,CryptosR_Us,340,48,38,3,en,bitcoin,1957700363273822343,0.7506
2025-08-19 08:39:32,"I gave you $BTC at $4k and $ADA at $0.02 Sometimes the hardest part isn‚Äôt buying, it‚Äôs holding",twitter,https://x.com/HukAleksandra/status/1957724100149104782,HukAleksandra,441,10,56,1,en,bitcoin,1957724100149104782,0.0
2025-08-19 09:11:03,"Hey $TAO friends , what's is your plan for today?

Me :‚Üímining $TAO and also looking for another opportunity to Earn with my stable coin.
‚ÜíSearching for exchange that offer good APYS ""CoinEx""

CoinEx Earn now offers  highest APYs.
 USDC 17% | USDT 16% | BTC 11% | ETH 12%
Earn https://t.co/PYnYIWndrz",twitter,https://x.com/Monothiez/status/1957732031816765795,Monothiez,346,168,148,12,en,bitcoin,1957732031816765795,0.875
2025-08-19 09:21:14,"I'M OFFICIALLY A $BTC BILLIONAIRE! üôè

As I promised, I want to change someone‚Äôs life‚Äîgiving away 1 #Bitcoin (~$115,000) to one lucky winner by tomorrow!

Like, RT, follow @cryptoemperor06  and comment 'DONE' to enter.

Winner announced in 48h! üöÄ https://t.co/Of0Br0AfrM",twitter,https://x.com/Cryptoemperor06/status/1957734592485429267,Cryptoemperor06,304,219,219,11,en,bitcoin,1957734592485429267,0.9483
2025-08-19 09:24:35,"Drop your $BTC address üëá

I will send you $50,000 in 24h‚ù§
(Yes For Real )

RT and Followüî•

üìå Retweet my pinned post https://t.co/M9am07Haij",twitter,https://x.com/Bitcoinblacck/status/1957735434387120308,Bitcoinblacck,195,161,154,9,en,bitcoin,1957735434387120308,-0.2732
2025-08-19 09:25:18,"üö® FED WILL CUT RATES IN SEPTEMBER!

$BTC is going to $200,000.

$ETH will hit $15,000.

Altcoins will go parabolic soon.

DO NOT GET SHAKEN OUT NOW! https://t.co/xR6UsHMNAT",twitter,https://x.com/ardizor/status/1957735614503174396,ardizor,2181,422,203,6,en,bitcoin,1957735614503174396,-0.3925
2025-08-19 09:25:31,"#Bitcoin dominance hasn't looked this weak in 3 years.

The 3-yr support trendline has been lost.

EMA 50 level has been lost.

And despite BTC correction, Bitcoin dominance isn't showing upward momentum.

If $BTC stabilizes from here, alts will rally hard. https://t.co/8fh5ffD6mm",twitter,https://x.com/Web3Niels/status/1957735669993779503,Web3Niels,114,8,38,0,en,bitcoin,1957735669993779503,-0.4723
2025-08-19 09:43:57,"Bitcoin dominance has now closed 2 weekly candles below its EMA 50 level.

This hasn't happened since Q4 2022, which shows it's a huge deal.

What's even more important is that BTC is going down and usually Bitcoin dominance spikes during this period.

Looking at this I can say https://t.co/PXht5IsZqG",twitter,https://x.com/Zynweb3/status/1957740310080917908,Zynweb3,238,36,90,3,en,bitcoin,1957740310080917908,0.7178
2025-08-19 10:07:29,"#BTC is still respecting the trendline for now. 

A crucial level to watch üëÄ https://t.co/5oCuOkBxBL",twitter,https://x.com/Washigorira/status/1957746232735998005,Washigorira,651,165,67,0,en,bitcoin,1957746232735998005,0.4939
2025-08-19 10:40:11,Me and the crew enjoying #Bitcoin on SALE. ü•≥ https://t.co/Optj06tR0X,twitter,https://x.com/CarlBMenger/status/1957754459884323182,CarlBMenger,621,79,42,4,en,bitcoin,1957754459884323182,0.5267
2025-08-19 11:19:23,"This is the Hardest Picture on the Internet.

Donald Trump Sabi this power play.

https://t.co/0Qme4Vp7Hd https://t.co/jcNFk4RQs3",twitter,https://x.com/gaiuschibueze/status/1957764325101240523,gaiuschibueze,309,44,28,2,en,bitcoin,1957764325101240523,0.34
2025-08-19 11:37:21,"Cardone Capital add another 130 bitcoin completing its Miami River refinance.  Rather than buying rate caps, we raised equity to pay down debt &amp; added 130 BTC.  Fannie debt was locked at 4.89%

This is CardoneCapital 4th transaction adding BTC to  Real Estate investments with 8 https://t.co/I51KhAN13J",twitter,https://x.com/GrantCardone/status/1957768848909730042,GrantCardone,1397,177,92,20,en,bitcoin,1957768848909730042,-0.6597
2025-08-19 11:42:22,"Absolutely ZERO Bitcoin bear markets started when all plebes yelled:

‚ÄúIT IS DOUBLE TOP!!! BEAR MARKET AMAAGAADD‚Äù

Absolutely fucking ZEROOO
ZEEEROOOOOOOOOO",twitter,https://x.com/IvanOnTech/status/1957770108941619263,IvanOnTech,652,41,80,2,en,bitcoin,1957770108941619263,0.5282
2025-08-19 11:52:07,"#BITCOIN &amp; $ETH ARE HOLDING, STARTING TO ENTER BACK WITH LADDERED ORDERS $btc $ton https://t.co/Bi91lzur3T",twitter,https://x.com/Jamyies/status/1957772561783079078,Jamyies,108,28,42,0,en,bitcoin,1957772561783079078,0.0
2025-08-19 12:17:57,"Airlines Open Payments in Cryptocurrency

Airlines and travel agencies, including Emirates, Air Arabia, Travala and Alternative Airlines, now support cryptocurrency payments for bookings: Bitcoin, Ethereum, stablecoins and other digital assets.

The UAE‚Äôs initiatives, such as https://t.co/8ExqI9dccf",twitter,https://x.com/CryptoRank_io/status/1957779065173152235,CryptoRank_io,216,35,13,2,en,bitcoin,1957779065173152235,0.5267
2025-08-19 12:33:06,"Gold keeps moving sideways, and #Bitcoin is still slowly closing the gap.

Target remains $150,000 -- this year.

Bring it on. https://t.co/QRSrSknDk4",twitter,https://x.com/CryptoJelleNL/status/1957782879099891935,CryptoJelleNL,372,34,21,0,en,bitcoin,1957782879099891935,0.0
2025-08-19 12:34:00,"NAKA just entered the game with a 5,744 Bitcoin BUY!

It's BULL-FROG TIME!",twitter,https://x.com/BritishHodl/status/1957783102886912061,BritishHodl,484,40,12,2,en,bitcoin,1957783102886912061,0.0
2025-08-19 13:10:00,"gm to the 20 of us left here!!  ‚òïÔ∏è

remember who was bullish when $BTC hit $77k?

don't forget those who didn't panic and held your hands when no one wants to buy.

i'm so bullish we will hit $155k soon fam it's programmed!!! https://t.co/YQsxiyYL44",twitter,https://x.com/gem_insider/status/1957792163183690118,gem_insider,202,49,51,3,en,bitcoin,1957792163183690118,0.5165
2025-08-19 13:13:57,Is Bitcoin Core Compromised? https://t.co/gNbrOP2c2Y,twitter,https://x.com/mattkratter/status/1957793158898806963,mattkratter,214,63,21,15,en,bitcoin,1957793158898806963,0.0
2025-08-19 13:23:23,"üì∫ üó£Ô∏è THE ART OF BITCOIN on the ARCHIE PODCAST

I talk to George Bodine, former Top Gun Navy Fighter Pilot, turned artist and Bitcoiner.

We spoke about Bitcoin culture, life, love, courage and resilience. One of my favourite chats on the podcast.

Connect with George @Jethroe111 https://t.co/YqLFDdra7G",twitter,https://x.com/BTC_Archive/status/1957795531683410351,BTC_Archive,597,56,38,7,en,bitcoin,1957795531683410351,0.8126
2025-08-19 13:30:16,"Once Bitcoin turns yield-bearing with lstBTC, everything changes.

Collateral becomes productive.

Liquidity grows.

And BTC becomes usable in lending, trading, and beyond. üî∂ https://t.co/QqSNKq6gaN",twitter,https://x.com/Coredao_Org/status/1957797264522637456,Coredao_Org,458,161,103,6,en,bitcoin,1957797264522637456,0.0
2025-08-19 13:32:59,"Binance founder CZ thinks #Bitcoin price could top between $500,000 to $1,000,000 this cycle üöÄ https://t.co/UOJE3HIDk5",twitter,https://x.com/BitcoinNews21M/status/1957797949053767772,BitcoinNews21M,547,101,34,7,en,bitcoin,1957797949053767772,0.2023
2025-08-19 13:45:42,"JUST IN: üá∫üá∏ SkyBridge's Anthony Scaramucci maintains a $180k-$200k #Bitcoin price target by year-end, ahead of the Wyoming Blockchain Symposium. https://t.co/2ZrjsPEIhm",twitter,https://x.com/BTCTN/status/1957801148791833035,BTCTN,135,53,33,3,en,bitcoin,1957801148791833035,0.0
2025-08-19 14:10:11,"‚ÄûBanks can freeze your money if you not comply.‚Äú

#Bitcoin HODLer with $21 in their bank account: https://t.co/bFPtzUabA7",twitter,https://x.com/CarlBMenger/status/1957807309972750648,CarlBMenger,302,47,23,3,en,bitcoin,1957807309972750648,0.0516
2025-08-19 14:29:37,once btc gets to 250k$ and eth to 10k$,twitter,https://x.com/0xSweep/status/1957812198715126101,0xSweep,234,5,202,0,en,bitcoin,1957812198715126101,0.0
2025-08-19 14:36:31,"People found a generational investment (bitcoin and ethereum) and decided to try to break it up into 4 year cycles to trade

These assets are the $8,000 house your grandfather bought. The apple stock your parents bought. 

Your grandchildren will complain about how easy you had",twitter,https://x.com/CryptoCharles__/status/1957813935484068026,CryptoCharles__,649,66,45,7,en,bitcoin,1957813935484068026,0.2732
2025-08-19 14:50:12,"LIKE, IF YOU ARE NOT SELLING #BITCOIN https://t.co/hhLbLrTsaG",twitter,https://x.com/Vivek4real_/status/1957817381327155575,Vivek4real_,3237,199,289,22,en,bitcoin,1957817381327155575,0.4995
2025-08-19 15:18:52,"üö® BREAKING: RIPPLE $XRP 26 CENTRAL BANKS CONFIRMED! üö® XRP ETF DELAYED BY SEC, U.S. PLAN TO SAVE CRYPTO, BITCOIN RESERVE &amp; ALT. SEASON COMING THIS FALL! https://t.co/zg6nv8j7HT",twitter,https://x.com/Coachjv_/status/1957824591990297013,Coachjv_,466,102,49,8,en,bitcoin,1957824591990297013,0.4374
2025-08-19 15:26:34,"üáßüá∑ BRAZIL'S VICE PRESIDENT SPOTTED WITH 'THANK GOD FOR #BITCOIN' BOOK

‚ÇøULLISH FOR BRAZIL üöÄ https://t.co/6832Hhwd06",twitter,https://x.com/TheBitcoinConf/status/1957826530576388199,TheBitcoinConf,486,137,50,7,en,bitcoin,1957826530576388199,0.7241
2025-08-19 15:27:06,"#BITCOIN IS READY FOR A HUGE BULL RUN.

The macro indicator has just crossed bullish !!! https://t.co/V8otwgPpy5",twitter,https://x.com/AO_btc_analyst/status/1957826666517893234,AO_btc_analyst,821,234,69,9,en,bitcoin,1957826666517893234,0.7988
2025-08-19 15:28:41,"üî•BULLISH: Anthony Scaramucci believes #Bitcoin can still hit $180k-$200k by year-end.

In fact, he says this is a ""cautious"" prediction, with others predicting price to go much higher üöÄ https://t.co/P4PabMNTlr",twitter,https://x.com/CryptosR_Us/status/1957827066356732124,CryptosR_Us,97,15,25,0,en,bitcoin,1957827066356732124,0.0
2025-08-19 15:33:50,"Great breakdown by @DefiantNews on GOAT Network, our ecosystem of BTCfi dApps (https://t.co/QTXNC8dnjI), and how GOAT gives you a wide range of ways to earn real BTC Yield (https://t.co/x7dV2uV28Y).

Check out The Defiant's video below to learn more.",twitter,https://x.com/GOATRollup/status/1957828360651854226,GOATRollup,259,257,133,146,en,bitcoin,1957828360651854226,0.6249
2025-08-19 15:42:52,I made my year-end Bitcoin price prediction on @SquawkCNBC with @andrewrsorkin this morning. https://t.co/quSkYZi359,twitter,https://x.com/Scaramucci/status/1957830634845475243,Scaramucci,168,19,21,2,en,bitcoin,1957830634845475243,0.0
2025-08-19 15:47:49,"JUST IN: üá∫üá∏üéôÔ∏èSenator Tim Scott speaks on the future of crypto regulation under new SEC chair Paul Atkins.

""What you will have coming out of the SEC is...innovation, clarity and competence."" https://t.co/ny7QEafISB",twitter,https://x.com/BTCTN/status/1957831877659615611,BTCTN,101,28,27,3,en,bitcoin,1957831877659615611,0.4019
2025-08-19 15:52:01,"BITCOIN IS DOWN TO $113,000!!

STOP SELLING CRYPTO!! https://t.co/a96XorznY6",twitter,https://x.com/3orovik/status/1957832936666845330,3orovik,362,59,152,3,en,bitcoin,1957832936666845330,-0.625
2025-08-19 16:01:01,"good moooorning

starting to get panic texts and calls from family and friends

it was euphoria, of course I was shilling btc at 125k and eth at 4800

L in the chat https://t.co/2YaGEs6gra",twitter,https://x.com/Jampzey/status/1957835200135852190,Jampzey,310,6,236,0,en,bitcoin,1957835200135852190,0.7906
2025-08-19 16:04:23,"CRYPTO'S Biggest Signal Since 2021 (Altcoin Dip EXPLAINED)

Intro 00:00
Bitcoin dominance indicator 1:10
Crypto manipulation 4:40
Ethereum price targets 6:40
Cardano price targets 6:45
Just prepare 10:30 https://t.co/8vRZWcI6a0",twitter,https://x.com/cryptorecruitr/status/1957836050446811195,cryptorecruitr,253,34,25,1,en,bitcoin,1957836050446811195,-0.1027
2025-08-19 16:10:57,"$ETH supply on CEX has now dropped to 9-yr low.

Big money is buying loads of ETH and then taking it off from the exchanges.

For some context, when $ETH was trading at $30 the supply on exchanges was the same as now.

This seems like an even bigger supply crunch than BTC, and it https://t.co/uSsd60YtM3",twitter,https://x.com/cas_abbe/status/1957837702293811416,cas_abbe,355,113,190,16,en,bitcoin,1957837702293811416,0.1027
2025-08-19 16:11:27,"Doesn't seem like we will bottom here...

Expecting liquidity sweeps below $112K on $BTC &amp; $4100 on $ETH

If we close daily under $110K on daily then expect $105K to test (less likely)

Overall, dips are for accumulating, early September will be bullish &amp; then Q4 will be when the https://t.co/v7iK7Micu0",twitter,https://x.com/mominsaqib/status/1957837828207046867,mominsaqib,290,27,43,1,en,bitcoin,1957837828207046867,-0.2755
2025-08-19 16:26:34,"using my computational finance framework with monte carlo bootstraps across 100k path iterations and stochastic discounting (accounting for dollar liquidity, us fed policy and global credit cycles), bitcoin‚Äôs structural trajectory remains statistically consistent with prior https://t.co/Sys5Ga8CS6",twitter,https://x.com/ZakaWaqar/status/1957841629873573957,ZakaWaqar,926,227,226,22,en,bitcoin,1957841629873573957,0.3818
2025-08-19 16:27:28,Imagine being bearish while Bitcoin is flipping an 8-year resistance into support https://t.co/pFqhrf4M4J,twitter,https://x.com/QuintenFrancois/status/1957841857372717064,QuintenFrancois,3049,419,249,52,en,bitcoin,1957841857372717064,0.4019
2025-08-19 16:51:37,"üö®üö®üö®üö®üö®üö®üö®üö®üö®üö®üö®üö®üö®üö®

ROUND 2 

$50 BTC Giveaway

3 winners(25-15-10)

Follow @BabyBlueDD11 &amp; @NFT_Taino 

Like, repost, Tag 3 friends

48 hours

Proof will be shown like always

üö®üö®üö®üö®üö®üö®üö®üö®üö®üö®üö®üö®üö®üö® https://t.co/B3BfTi6Hhw",twitter,https://x.com/NFT_Taino/status/1957847934256435529,NFT_Taino,484,439,422,2,en,bitcoin,1957847934256435529,0.7964
2025-08-19 17:00:41,"Bridge who?

NEAR Intents now supports @StellarOrg, unlocking bridge-free swaps across 20+ chains and 100+ tokens.

Swap into Stellar with assets like BTC, ETH, SOL &amp; XRP - no wrappers, no hops.

Bridges are a thing of the past. The future of multichain is intent-driven.

One https://t.co/yxPnepyeTs",twitter,https://x.com/NEARProtocol/status/1957850218491207843,NEARProtocol,532,135,55,29,en,bitcoin,1957850218491207843,0.3182
2025-08-19 17:53:32,"Like, if you are HODLing #Bitcoin https://t.co/FI70v9haOB",twitter,https://x.com/roxom/status/1957863518054592812,roxom,396,85,20,2,en,bitcoin,1957863518054592812,0.3612
2025-08-19 17:56:03,"Institutions don‚Äôt hate Bitcoin, but they hate when you hold it.

So they flood the market with FUD, shake out retail, and stack your coins.

Give it a week -&gt;&gt; noise will drop down.

Give it a few months -&gt;&gt; Oct‚ÄìDec will print new ATHs.

Stack $BTC only if you know the whale https://t.co/NYbk3BQevz",twitter,https://x.com/im_BrokeDoomer/status/1957864149830234163,im_BrokeDoomer,358,63,90,25,en,bitcoin,1957864149830234163,-0.9418
2025-08-19 18:00:19,"üîç  Dreamcash #Airdrop

‚úîÔ∏è  Guaranteed distribution by Airdrop Detective

üèÜ  Airdrop Pool: 1500 USDT

üî¥  Start the airdrop bot: https://t.co/9WFKW9wMfH

üîò Do the tasks on the bot &amp; submit your data.

üîò Details: https://t.co/36jgyxmhtT

#Airdrops #BTC #Dreamcash #AirdropDet https://t.co/P0p2U1EJuc",twitter,https://x.com/AirdropDet/status/1957865223312089586,AirdropDet,1428,1379,376,101,en,bitcoin,1957865223312089586,0.0
2025-08-19 18:04:31,remembering your portfolio when Bitcoin was $124k: https://t.co/CdNwq3UMFo,twitter,https://x.com/rektmando/status/1957866280435810591,rektmando,305,11,59,0,en,bitcoin,1957866280435810591,0.0
2025-08-19 18:07:20,"Rep. Nicole Collier (D) has been officially locked in the Texas House chamber for over 24 hours.

Republicans say she cannot leave until she signs a ‚Äúpermission slip‚Äù agreeing to be under 24/7 police surveillance for three weeks. https://t.co/aFlzKDNzR3",twitter,https://x.com/NoLieWithBTC/status/1957866991659999238,NoLieWithBTC,7095,1669,645,155,en,bitcoin,1957866991659999238,0.3711
2025-08-19 18:27:05,"When people cry saying Bitcoin crashed but it‚Äôs literally $113,000 per coin ü§® https://t.co/HbXgn5I6Km",twitter,https://x.com/missteencrypto/status/1957871961981309294,missteencrypto,535,24,101,2,en,bitcoin,1957871961981309294,-0.2617
2025-08-19 18:33:47,"""We still maintain our bitcoin price target between $180k-$200k by year-end."" - Anthony Scaramucci https://t.co/kPRUr7DNyQ",twitter,https://x.com/AltcoinDaily/status/1957873645558329805,AltcoinDaily,339,69,88,2,en,bitcoin,1957873645558329805,0.0
2025-08-19 18:46:06,"ùóôùó®ùó° ùóôùóîùóñùóß: If you had invested just $1000 in Bitcoin back in 2015, you‚Äôd be sitting on half a million today.

Crazy how times have changed. 

And the best part is: We are still soooo early https://t.co/TtMRQOEk2U",twitter,https://x.com/TheCryptoLark/status/1957876747703115840,TheCryptoLark,383,63,152,7,en,bitcoin,1957876747703115840,0.4215
2025-08-19 18:47:56,"üìâ Use this Tool to Navigate Altseason!!

We've just broken critical long-term levels on BTC Dominance, and altcoins have already shown a glimpse into what a small BTC.D breakdown can do...

Be ready. Lock In. Know when to sell. https://t.co/4Jv9DjE9Is",twitter,https://x.com/crypto_banter/status/1957877206040162467,crypto_banter,132,24,48,1,en,bitcoin,1957877206040162467,-0.3987
2025-08-19 18:51:21,"$BTC below $113,000.

Will it rebound from here? https://t.co/N2Fk0yXxZn",twitter,https://x.com/coingecko/status/1957878065301975354,coingecko,954,224,251,16,en,bitcoin,1957878065301975354,0.0
2025-08-19 19:02:41,"Everyone‚Äôs talking about how much Bitcoin you should own, but nobody‚Äôs addressing the real issue. Bitcoin is my largest holding, and yet it generates no yield, no distributions, no royalties. 

That‚Äôs the next big problem to solve and I‚Äôm working on it right now. https://t.co/kwfaRO3ryy",twitter,https://x.com/kevinolearytv/status/1957880919592955994,kevinolearytv,169,18,40,1,en,bitcoin,1957880919592955994,-0.8674
2025-08-19 19:23:39,"Trump just announced that he will be going after all Smithsonian museums that teach ‚Äúhow bad Slavery was,‚Äù calling it ‚ÄúWOKE.‚Äù https://t.co/LHoO8YwzFn",twitter,https://x.com/NoLieWithBTC/status/1957886194257154354,NoLieWithBTC,19355,3093,1594,1770,en,bitcoin,1957886194257154354,-0.8519
2025-08-19 19:33:00,"ICYMI: We've launched a VIP Program for pro traders 

‚Ä¢ BTC drops daily with Yield+
‚Ä¢ Auto Earn on USDT
‚Ä¢ 24/7 priority support
‚Ä¢ Boosted APRs
‚Ä¢ Lower fees

Ready to level up? See if you're in üëá",twitter,https://x.com/okx/status/1957888548394115430,okx,121,23,60,0,en,bitcoin,1957888548394115430,0.876
2025-08-19 19:54:11,"JUST IN: BILL MILLER IV JUST TOLD CNBC THERE'S $60 TRILLION IN RETIRMENTS FUNDS THAT WANT ACCESS TO #BITCOIN 

""WE ARE VERY EARLY, THE DOMINOS ARE FALLING"" HE'S RIGHTüëè https://t.co/7NYTlW6qlw",twitter,https://x.com/pete_rizzo_/status/1957893878427603449,pete_rizzo_,1447,240,91,8,en,bitcoin,1957893878427603449,-0.0772
2025-08-19 19:57:46,Slavery was bad. https://t.co/iRTFwc3g0P,twitter,https://x.com/NoLieWithBTC/status/1957894780534341800,NoLieWithBTC,162378,21279,1235,253,en,bitcoin,1957894780534341800,-0.8519
2025-08-19 20:00:20,"GIVEAWAY - Caesar is the smartest AI research tool in the world

5 x 1k $CAESAR ($20 per winner)

- like &amp; rt
- reply with a question to 'ask caesar'
- follow @caesar_data &amp; @reubs_btc

be creative! i'll pick 5 winners and post the Caesar replies below https://t.co/X4ITC6kyuB",twitter,https://x.com/reubs_btc/status/1957895426071462313,reubs_btc,209,145,131,2,en,bitcoin,1957895426071462313,0.9151
2025-08-19 20:01:21,"‚ÄúPrices went up but paychecks didn‚Äôt‚Äù

New piece by @TFTC21 explains the devastating effects of leaving the gold standard. 

 https://t.co/tEPBPvuhX9",twitter,https://x.com/BitcoinNewsCom/status/1957895682410574117,BitcoinNewsCom,126,44,13,3,en,bitcoin,1957895682410574117,-0.7876
2025-08-19 20:07:03,"Raiders WANTED üö®

I‚Äôm hiring 15 shillers/raiders for a simple Web3 task.

üí∞ Pay: $25 every 6 hrs
üéüÔ∏è Includes a Telegram verification badge
‚ö° Straightforward work, quick payout.

If you want in:
üîÅ Retweet this post
üí¨ Comment ‚ÄúReady‚Äù
üì© send me a dm https://t.co/Qfm6gA08lh",twitter,https://x.com/OnchainKay/status/1957897118758367572,OnchainKay,510,192,316,5,en,bitcoin,1957897118758367572,-0.0258
2025-08-19 20:12:04,gm Everyone https://t.co/tB9eeSsdy1,twitter,https://x.com/TO/status/1957898378387525665,TO,121,14,47,0,en,bitcoin,1957898378387525665,0.0
2025-08-19 20:12:56,"üî•Don't PANIC!!

You wanted to BUY THE DIP?üëÄ

Here ya GO!üöÄ

FULL EPISODEüëâhttps://t.co/L04DtrnXvf

$BTC $ETH $SOL $XRP https://t.co/iC2qim2cra",twitter,https://x.com/paulbarrontv/status/1957898599901036590,paulbarrontv,166,30,19,0,en,bitcoin,1957898599901036590,0.6274
2025-08-19 20:30:50,In case you're wondering how things in Canada are going... https://t.co/sMtt84ck44,twitter,https://x.com/BTCsessions/status/1957903104743276570,BTCsessions,96,15,19,6,en,bitcoin,1957903104743276570,0.0
2025-08-19 20:40:42,"I'M OFFICIALLY A $BTC BILLIONAIRE! üôè

As I promised, I want to change someone‚Äôs life‚Äîgiving away 1 #Bitcoin (~$119,000) to one lucky winner by tomorrow!

Like, RT, follow @crypto_king34 and comment 'DONE' to enter.

Winner announced in 48h! üöÄ https://t.co/Ib1St2zX0k",twitter,https://x.com/crypto_king34/status/1957905585933779012,crypto_king34,164,124,123,11,en,bitcoin,1957905585933779012,0.9483
2025-08-19 20:41:54,"Next time someone says, ""#Bitcoin is just a bubble"", show them this üëÄ https://t.co/lNOoPFGRFW",twitter,https://x.com/BitcoinNews21M/status/1957905888108253484,BitcoinNews21M,188,52,11,2,en,bitcoin,1957905888108253484,0.0
2025-08-19 20:42:28,"3 #Bitcoin 

A person who retweets, follows me will receive 3 $BTC ( $353.000 ) (yes, for real)

Retweet my pinned post üìå https://t.co/xQfg06Aly0",twitter,https://x.com/Cryptoemperor06/status/1957906031561859495,Cryptoemperor06,170,141,109,10,en,bitcoin,1957906031561859495,0.0
2025-08-19 20:46:14,"This Harvard economist still proclaims that BTC, now the 6th largest global asset, is worthless.

His thesis for the last 7 years has been thoroughly gutted, yet refuses to accept new information.

Bravo, everyone. We're all more intellectually honest than a Harvard economist.",twitter,https://x.com/JoeConsorti/status/1957906978606366826,JoeConsorti,521,28,37,1,en,bitcoin,1957906978606366826,0.8162
2025-08-19 20:46:46,"Every wallet Gets 0.002 $BTC

Just drop your $BTC  address, RT ‚ôªÔ∏è &amp; Like ‚ù§Ô∏è üîî 

First 1000 https://t.co/YdFzhXFdcB",twitter,https://x.com/Bitcoinblacck/status/1957907111049879895,Bitcoinblacck,211,145,156,12,en,bitcoin,1957907111049879895,0.1027
2025-08-19 21:00:05,"Stacks is the home to growing your Bitcoin

Bitcoin wallets like @LeatherBTC make this possible. https://t.co/uDR47p9N8j",twitter,https://x.com/Stacks/status/1957910464828174742,Stacks,87,24,8,1,en,bitcoin,1957910464828174742,0.4939
2025-08-19 21:07:38,"If the Bitcoin price action has you stressed out, remember that it would be completely normal for BTC to drop to 100k, then to bounce to 150k.

If you can't handle the downside volatility, you'll never benefit from the upside vol.",twitter,https://x.com/real_vijay/status/1957912362654277761,real_vijay,525,28,31,2,en,bitcoin,1957912362654277761,-0.6416
2025-08-19 21:15:23,"üö® BIG BREAKING

IT‚ÄôS OFFICIAL

FED WILL CUT RATES IN SEPTEMBER

üî•üî•üî•üî•üî•üî•üî• https://t.co/Dc9N26sfMm",twitter,https://x.com/SenseiBR_btc/status/1957914316306325643,SenseiBR_btc,893,102,72,3,en,bitcoin,1957914316306325643,-0.4278
2025-08-19 21:55:03,"Most people think Bitcoin mining is wasteful, I see it differently. At BitZero, we use overabundant clean energy to turn excess power into lasting value.

Mining forces efficiency, drives innovation, and makes grids cleaner. For countries that embrace it, the net benefit is https://t.co/2wwl4wMefI",twitter,https://x.com/kevinolearytv/status/1957924295952183471,kevinolearytv,69,12,19,0,en,bitcoin,1957924295952183471,0.946
2025-08-19 21:57:06,I thought this was an ad for the BITCOIN Act. It certainly could be‚Ä¶,twitter,https://x.com/CynthiaMLummis/status/1957924812535255253,CynthiaMLummis,574,69,44,3,en,bitcoin,1957924812535255253,0.34
2025-08-19 22:00:16,"Shall we drop an early teaser for tomorrow‚Äôs X Space?

Pick 3 emojis that describe Portal

100 replies unlocks it. üóùÔ∏è ‚§µÔ∏è https://t.co/7ZJDynAQPb",twitter,https://x.com/PortaltoBitcoin/status/1957925611416203389,PortaltoBitcoin,713,91,460,80,en,bitcoin,1957925611416203389,-0.4767
2025-08-19 22:56:32,"1/8
Bitcoin was never meant to host stablecoins.
But from Omni to Plasma, new layers keep testing how the dollar can live on top of BTCüßµ https://t.co/9GmkVfsbol",twitter,https://x.com/htwtech_/status/1957939768802619541,htwtech_,161,21,43,0,en,bitcoin,1957939768802619541,0.296
2025-08-19 22:56:45,"Most memes stop at hype.

$DOG goes further ‚Äî it‚Äôs built on Bitcoin‚Äôs Runes protocol, fueling on-chain activity, miner fees, and adoption.

That‚Äôs why $CBLO made $DOG a treasury asset. 

It‚Äôs not just culture ‚Äî it‚Äôs utility powering the $BTC economy. https://t.co/Fx92o0NyqT",twitter,https://x.com/C2Blockchain/status/1957939825845162320,C2Blockchain,307,108,32,2,en,bitcoin,1957939825845162320,0.2075
2025-08-19 23:31:42,"My family: You‚Äôve changed.

Me since 2020: https://t.co/k7LpDN20Jt",twitter,https://x.com/TheBTCTherapist/status/1957948621061779929,TheBTCTherapist,137,16,12,0,en,bitcoin,1957948621061779929,0.0
2025-08-19 23:45:26,"Owning BTC Cards isn‚Äôt just about collecting.
It‚Äôs about holding the untold chapters of Bitcoin.üî•

#bitcointradingcards https://t.co/WinioN9TCj",twitter,https://x.com/btc_cards/status/1957952074311721055,btc_cards,37,6,2,1,en,bitcoin,1957952074311721055,0.0
2025-08-19 23:54:19,All the treasury companies with cash/ATMs are salivating for the right time to buy this dip. #Bitcoin @Ethereum @Solana https://t.co/LfwUR4yqWy,twitter,https://x.com/Micro2Macr0/status/1957954311691940140,Micro2Macr0,229,13,16,1,en,bitcoin,1957954311691940140,0.2023
