timestamp,text,url,source
2025-08-09 22:11:13+00:00,bitcoin investment banks coming to el salvador â€” gov regulator,https://www.reddit.com/r/CryptoCurrency/comments/1mm1s73/bitcoin_investment_banks_coming_to_el_salvador/,reddit
2025-08-09 20:29:57+00:00,"uk bitcoin treasury companies on the rise, the current leaders in focus",https://www.reddit.com/r/CryptoCurrency/comments/1mlzfmg/uk_bitcoin_treasury_companies_on_the_rise_the/,reddit
2025-08-09 16:21:19+00:00,"france held the world reserve currency for 95 years, britain for 105, the usa for 80 - bitcoin (btc) is next? source: [https://x.com/bitcoinmagazine/status/1953877442508054594](https://x.com/bitcoinmagazine/status/1953877442508054594)",https://www.reddit.com/r/CryptoCurrency/comments/1mltgt3/france_held_the_world_reserve_currency_for_95/,reddit
2025-08-09 16:05:00+00:00,"bitcoin is still king of capital inflows, according to michael saylor",https://www.reddit.com/r/CryptoCurrency/comments/1mlt2gg/bitcoin_is_still_king_of_capital_inflows/,reddit
2025-08-09 14:14:17+00:00,"cambridge study says 52.4% of all energy used in bitcoin mining is sustainable with a rising tendency the cambridge centre for alternative finance (ccaf) has released a report on the bitcoin mining industry. key highlights include:

* sustainable energy sources now account forÂ 52.4%Â of bitcoin mining, which includes 9.8% nuclear and 42.6% renewables such as hydropower and wind, compares to a 2022 estimate of 37.6% overall sustainable energy use.Â 
* natural gas has become the largest energy source used in bitcoin mining, accounting forÂ 38.2%, replacing coal which now accounts forÂ 8.9%.
* the study estimates bitcoin's annual electricity consumption atÂ 138 twh, orÂ 0.5%Â of global consumption.
* north america plays a crucial role in the digital mining industry, with the us accounting forÂ 75.4%Â of total reported bitcoin mining activity.

this report is based on a comprehensive survey of 49 digital mining firms across 23 countries.",https://www.reddit.com/r/CryptoCurrency/comments/1mlqgpi/cambridge_study_says_524_of_all_energy_used_in/,reddit
2025-08-09 11:19:19+00:00,"harvard reports $116m stake in blackrockâ€™s ishares bitcoin etf in latest filing harvard's endowment fund has invested $116 million in blackrock's bitcoin exchange-traded fund (etf) through about 1.9 million shares. this investment represents a significant stake in the fund, valued at over $116 million as of june 30, 2024. harvard's endowment, worth $53.2 billion, is the largest among us universities. this move follows the sec's approval of the blackrock btc etf in january 2024, which has grown to over $86 billion in net assets.",https://www.reddit.com/r/CryptoCurrency/comments/1mln01b/harvard_reports_116m_stake_in_blackrocks_ishares/,reddit
2025-08-09 07:46:20+00:00,audit blames czech justice ministry for $45 million bitcoin gift scandal,https://www.reddit.com/r/CryptoCurrency/comments/1mljskn/audit_blames_czech_justice_ministry_for_45/,reddit
2025-08-09 04:32:11+00:00,"what wallets allow same day purchases and transfers of bitcoin hi, iâ€™ve posted this in a few crypto subreddits in hopes that someone will have an answer.

i need to pay an invoice as soon as possible. iâ€™ve previously used bitcoin through cashapp to pay invoices but iâ€™ve been flagged and am unable to currently use the bitcoin i have in my account. i tried buying bitcoin through coinbase but itâ€™s a pending transaction until the 14th, meaning i canâ€™t send that either now. 

what wallet will let me sign up, buy bitcoin, and transfer/send it all in the same day? any help would be appreciated thanks.",https://www.reddit.com/r/CryptoCurrency/comments/1mlgl9k/what_wallets_allow_same_day_purchases_and/,reddit
2025-08-09 03:53:19+00:00,"honey badger atm (need help) so i used a honey badger atm to purchase 150$ cad worth of bitcoin. once the coin finally hit my wallet its saying that the coin percentage i have is worth 88$. i was kind of shocked at this and i am wondering if that is taking into account cad to usd exchange rate and the amount i have is worth 88 usd or if i actually have 88 cad in bitcoin and i got charged a 24 dollars service fee on 150 dollars canadian? from what i can find online badger atms only charge a 5$ fee on buys less then 1000$ and don't have percentage service fees. i don't even know how to feel right now. can someone please explain to me what exactly happened at what the actual value of my wallet is now. my wallet current bitcoin balance says  76,042. thanks to anyone who takes to the time",https://www.reddit.com/r/CryptoCurrency/comments/1mlfv62/honey_badger_atm_need_help/,reddit
2025-08-08 20:07:56+00:00,bitcoin hashrate approaches milestone of 1 zettahash almost there guys! i would not have believed that if you told me 5 years ago...,https://www.reddit.com/r/CryptoCurrency/comments/1ml5m7d/bitcoin_hashrate_approaches_milestone_of_1/,reddit
2025-08-08 17:32:46+00:00,jack dorsey's block set to release new bitcoin mining chips next week,https://www.reddit.com/r/CryptoCurrency/comments/1ml1kta/jack_dorseys_block_set_to_release_new_bitcoin/,reddit
2025-08-08 14:26:47+00:00,"crypto analyst says bitcoin primed to surge back to all-time highs, updates outlook on dogecoin",https://www.reddit.com/r/CryptoCurrency/comments/1mkwoah/crypto_analyst_says_bitcoin_primed_to_surge_back/,reddit
2025-08-08 13:08:19+00:00,"will btc drop considering consumer prices increased? sitting on fiat right now on my exchange, btc forming small falling wedge can break to 120-130k imo but i came to realize if the price of goods and tariffs are in place, people won't have money to be investing resulting in slower bitcoin rise or resulting in us not seeing those levels for awhile?

another thing i keep in mind is at this point threes a lot of money pouring into the economy making aths which makes me thing those levels are possible.

would like to hear thoughts? looking for thoughts from a short-term investing perspective not really long term.",https://www.reddit.com/r/CryptoCurrency/comments/1mkur06/will_btc_drop_considering_consumer_prices/,reddit
2025-08-08 13:00:41+00:00,four year cycle so what do you think? could it be that we are reaching a new point in the history of bitcoin where there won't be cycles anymore? have we seen the end of cycles as after the halving happens there's a bull run for over a year and then long crypto winter before we reach a new halving. will it work as stocks that it will raise in price for longer periods of time and when some major event like 2008 financial crisis happens then it will enter the bear market? its interesting because more and more companies and institutions are getting interested and new etfs are being launched.,https://www.reddit.com/r/CryptoCurrency/comments/1mkukbd/four_year_cycle/,reddit
2025-08-08 11:21:34+00:00,bitcoin energy value metric says â€˜fairâ€™ btc price is as much as $167k,https://www.reddit.com/r/CryptoCurrency/comments/1mksiva/bitcoin_energy_value_metric_says_fair_btc_price/,reddit
2025-08-08 10:47:22+00:00,"bitcoin could explode to $180,000, according to crypto analyst jason pizzino â€“ hereâ€™s what needs to happen",https://www.reddit.com/r/CryptoCurrency/comments/1mkrwec/bitcoin_could_explode_to_180000_according_to/,reddit
2025-08-08 09:42:55+00:00,el salvador to setup bitcoin banks â€“ the first of its kind,https://www.reddit.com/r/CryptoCurrency/comments/1mkqubq/el_salvador_to_setup_bitcoin_banks_the_first_of/,reddit
2025-08-08 09:21:51+00:00,monster short squeeze alert for bitcoin worth $18 billion,https://www.reddit.com/r/CryptoCurrency/comments/1mkqitn/monster_short_squeeze_alert_for_bitcoin_worth_18/,reddit
2025-08-08 08:09:16+00:00,"ethereum nears $4,000! is a new ath coming? ethereum has been on fire in the past 24 hours, gaining +5.88% and trading at 3,919 usd. the real story isnâ€™t just the price, itâ€™s the 42.9b trading volume, up more than 64% in a single day. that kind of liquidity spike often signals major moves ahead.

https://preview.redd.it/mkot8if77rhf1.png?width=2398&format=png&auto=webp&s=ab4b10daad937fbd45fabc3aac130c5e15d9770d

the 4,000 mark is more than just a round number. itâ€™s a psychological barrier for traders and a technical resistance level that has stopped eth multiple times in the past. break it with volume, and we could see momentum carry eth toward its previous ath and maybe beyond. fail to hold above 4k, and we might witness a sharp correction as over-leveraged positions unwind.

the current setup feels eerily similar to historical pre-breakout phases, where consolidation near a key level led to explosive upside. but the risk of a â€œfakeoutâ€ remains, especially if macro conditions or bitcoin price action turn against the market.

so hereâ€™s the question: if eth clears 4k, are you ready to ride it to new highs, or are you taking profits before the volatility storm hits?",https://www.reddit.com/r/CryptoCurrency/comments/1mkpfdm/ethereum_nears_4000_is_a_new_ath_coming/,reddit
2025-08-08 08:05:36+00:00,"jack dorsey's block adds 108 bitcoin in q2, posts higher revenue and profit - decrypt",https://www.reddit.com/r/CryptoCurrency/comments/1mkpdg0/jack_dorseys_block_adds_108_bitcoin_in_q2_posts/,reddit
2025-08-08 07:01:47+00:00,bitcoin jumps following pro-crypto nominee stephen miran's appointment to federal reserve - financefeeds,https://www.reddit.com/r/CryptoCurrency/comments/1mkodoy/bitcoin_jumps_following_procrypto_nominee_stephen/,reddit
2025-08-08 06:43:38+00:00,"the bitcoin order: us president set to sign executive order protecting bitcoin access bitcoin has officially entered the hall of power, as the us president donald trump is preparing to sign an executive order that would prohibit banks from refusing services to bitcoin and crypto-related companies. this move signals a major shift in the us policy and ends years of financial censorship against the crypto industry.


if this happens, it would be more than just good news, as it would be a game-changer. not only could it act as a major catalyst for btc, it would also open the doors for crypto businesses to access traditional financial services, which they need for growth.",https://www.reddit.com/r/CryptoCurrency/comments/1mko308/the_bitcoin_order_us_president_set_to_sign/,reddit
2025-08-08 01:31:19+00:00,"bitcoin has entered a 'bullish cooldown' phase, signaling a pause in its uptrend: cryptoquant",https://www.reddit.com/r/CryptoCurrency/comments/1mki6s9/bitcoin_has_entered_a_bullish_cooldown_phase/,reddit
2025-08-07 19:41:30+00:00,"why are the prices so different between exchanges? taken at the exact same time, there is quite the difference in prices between crypto.com and coinbase.com. is there a strategy out there to buy on one exchange, send to the other then sell? what are the limitations in doing that? 

and just generally what is causing this large variance in prices between exchanges? iâ€™ve noticed that crypto.com is always higher than any other exchange, especially on their own coin, cro. 




donâ€™t really have anything else to add but need to hit this 500 character limit",https://www.reddit.com/r/CryptoCurrency/comments/1mk9vi9/why_are_the_prices_so_different_between_exchanges/,reddit
2025-08-07 18:16:03+00:00,"strike or river? which app is better to buy bitcoin long term? iâ€™m trying to figure out the best app to buy bitcoin only (not interested in any other coins). i want to set up recurring buys with my paycheck and just keep it simple, safe, and long term.

i used to be a blockfi customer so iâ€™m a little paranoid now. been using coinbase since then but their customer service stories have me second guessing if theyâ€™re safe to stick with long-term. donâ€™t wanna get stuck or screwed when itâ€™s time to sell or withdraw.

between strike and river, which one is better overall for just buying btc regularly and being able to pull out later without issues?

[view poll](https://www.reddit.com/poll/1mk7md6)",https://www.reddit.com/r/CryptoCurrency/comments/1mk7md6/strike_or_river_which_app_is_better_to_buy/,reddit
2025-08-07 18:13:53+00:00,altseason sentiment breaks down as bitcoin holds steady: santiment,https://www.reddit.com/r/CryptoCurrency/comments/1mk7kat/altseason_sentiment_breaks_down_as_bitcoin_holds/,reddit
2025-08-07 16:03:44+00:00,bitcoin sees bollinger bands 'head fake' with $117k bulls' next target,https://www.reddit.com/r/CryptoCurrency/comments/1mk42uz/bitcoin_sees_bollinger_bands_head_fake_with_117k/,reddit
2025-08-07 15:44:28+00:00,"has anyone done any math on how much viable versus lost crypto is out there? i'm not an economist but i've always wondered about this idea of viable currency. i know paper money has the same issue but it feels more likely to lose access to a wallet or not being able to find or recover an old hard drive. how much of bitcoin is more or less lost forever? i'm sure there are millions of $50 bills in unopened birthday cards, more hidden and forgotten under mattresses and crawl spaces. when bank accounts go dormant that money is still known about and accounted for but what about that physical wallet that got destroyed in a fire or chewed by a dog?


also i suppose i'm curious if this really even matters.",https://www.reddit.com/r/CryptoCurrency/comments/1mk3ke4/has_anyone_done_any_math_on_how_much_viable/,reddit
2025-08-07 14:51:29+00:00,"a deep dive into qrl: the quantum-safe blockchain quantum computing is no longer science fiction â€” itâ€™s progressing fast. and with it comes a very real threat to the cryptography that underpins nearly every blockchain in existence.  
  
soâ€¦ if quantum risk is inevitable, where do you place your bet? and is $qrl the most credible hedge in the entire crypto space?Â letâ€™s break it down.  


**my discovery of quantum resistant crypto**

iâ€™ve been interested in quantum computing for years, even investing in quantum tech etfs recently. it was clear that fields like medicine and energy would benefit from quantum â€” but then i started wondering about crypto. if quantum computers can break encryption that traditional systems canâ€™t, what does that mean for bitcoin, ethereum, and the rest?  
  
i quickly learned that ecdsa, used to secure most blockchains, is highly vulnerable to quantum attacks. at first, i assumed the fix would be simple â€” just upgrade the cryptography. but once i dug deeper, it became clear that upgrading legacy chains would be a slow, messy process requiring global coordination.  
that led me to explore projects focused on quantum security from the start. i found a few â€” qrl, qanx, and cell â€” and eventually concluded that qrl is the most credible bet in my opinion. itâ€™s a purpose-built blockchain using xmss at the protocol level, and the community is focused, technical, and refreshingly hype-free.  


**qrl is built different: quantum security at the core**

while most blockchains still rely on outdated signature schemes like ecdsa, qrl has used xmss â€” a hash-based, quantum-resistant signature algorithm â€” from the start. this means it doesnâ€™t just talk about post-quantum security. it runs on it.  
  
xmss is secure against quantum attacks and doesnâ€™t rely on factorization or elliptic curves â€” the very structures quantum computers are expected to break. unlike the â€œfuture upgrade pathsâ€ of legacy chains, qrlâ€™s cryptography is already designed for a quantum world.  
  
and it gets better.  
  
with the upcoming zond platform (qrl 2.0), qrl will introduce support for sphincs+, a stateless, hash-based signature scheme recently selected for global standardization. this adds even more flexibility and resilience to qrlâ€™s architecture, giving developers the option to choose between multiple quantum-safe primitives â€” all without compromising on-chain security. after the update, existing wallets remain quantum-secure and can be upgraded to the new format at any time.  


**born too early**

letâ€™s rewind to 2018. qrl launched its mainnet. it never gained much traction in the altcoin scene and flew under the radar for years.  
  
why?

* the 2018 bear market nuked everything
* quantum risk felt 20 years away
* no smart contracts, no defi ecosystem
* devs stayed heads-down, no vc or pr push
* very limited exchange listings
* bittrex listing was a hard lesson learned

basically: wrong timing, right idea.  


**the world is catching up**

quantum computing is no longer theoretical. itâ€™s real, itâ€™s advancing fast, and itâ€™s now hitting headlines that matter:

big tech is all-in: ibm, google, and many quantum specific companies such as ionq, rigetti etc. â€” all scaling up quantum hardware year over year with massive investments.

white house warning (july 2025): quantum computers could ""derive any digital asset holderâ€™s private key from their public key."" and ""some experts estimate cryptographically relevant quantum computers could emerge in the next five to ten years.""

blackrock (may 2025): etf filings flagged quantum as a direct risk to bitcoin. 

elon musk asked grok (august 2025) if quantum computers could crack sha-256. grok's answer was that sha-256 might be okay for a while. however, elon didn't ask about ecdsa which is the lowest hanging fruit for quantum computer and biggest risk currently.Â deloitte estimates \~25% of bitcoin is vulnerable to quantum theft due to exposed public keys.

ecdsa â€” the digital signature algorithm used by bitcoin, ethereum, and most wallets â€” is exactly what shorâ€™s algorithm breaks. and it breaks it fast.

forbes and wsj writing about quantum threats: 

* forbes: ""the quantum threat to encryption: how businesses can future-proof""
* wsj: ""hereâ€™s how quantum computing could change the world"". ""quantum has so often been spoken about as something that was always coming in the next five or 10 years,â€ kohler said. â€œthe conversations are changing dramatically because itâ€™s now no longer 10 years down the road. itâ€™s much closer.â€



**why legacy chains canâ€™t just â€œupgradeâ€**

many assume bitcoin or ethereum will just â€œswitch to quantum-safeâ€ one day.  
hereâ€™s the problem:

* protocol-level changes require global coordination
* youâ€™d need consensus from miners, validators, exchanges, and users
* every old wallet and smart contract would need to migrate
* abandoned keys could be stolen forever
* itâ€™s not just a software upgrade â€” itâ€™s a political nightmare.

even partial fixes (like signature overlays or hybrid key pairs) wonâ€™t solve the root issue. once quantum hits, itâ€™s not patchable â€” itâ€™s a chain-wide vulnerability.  
  
bitcoin developer hunter beast discusses about the topic in the bitcoin rails podcast ""make bitcoin quantum resistant - with hunter beast"".  


**centralized systems are already preparing**

meanwhile, financial institutions are already preparing for the quantum threat. unlike decentralized blockchains, banks and centralized platforms can implement post-quantum algorithms more easily, thanks to centralized control, layered security, and fast upgrade cycles.  
  
they donâ€™t need global consensus or to rescue abandoned wallets. they can simply roll out post-quantum security behind closed doors. the hard truth? legacy blockchains are structurally less agile when it comes to cryptographic overhauls.  


**state-level threats: quiet and strategic**

the real quantum threat may not come from hackers â€” but from nation-states with the budget, motive, and secrecy to act before the world catches up.

***what could they do?***

* silently drain dormant wallets with exposed public keys
* decrypt sensitive communications, from top-secret memos to financial data
* harvest encrypted traffic now, and decrypt it later with quantum power

***why it wonâ€™t be obvious***

governments wouldnâ€™t use quantum to collapse bitcoin â€” especially if theyâ€™ve already restricted it domestically. instead, theyâ€™d act quietly and selectively, exploiting vulnerabilities without shaking the system.  
  
the threat isnâ€™t chaos. itâ€™s control â€” and they wonâ€™t announce when they get it.  
  
during a recent u.s. congressional oversight hearing, it was noted that:  
***â€œwe donâ€™t even know the names of quantum computing companies in china.""***  
â€” fabaiquantum, jul 1, 2025 on x  
  
the united states office of management and budget has drafted a memorandum that directs federal agencies to fully migrate to a post-quantum cryptographic standard:   
***""everything must migrate to post-quantum cryptography, cryptocurrencies included.""***  
â€” qdayclock, jul 17, 2025 on x



**limited listings â€” for now**

qrl is currently listed on just a few smaller exchanges like mexc, banxa and lbank. daily volume is low, and thereâ€™s no tier-1 listing yet. it's possible to acquire qrl but takes an extra effort.  
  
a future binance or coinbase listing would dramatically increase visibility, liquidity, and credibility. as quantum security gains attention from regulators and institutions, tier-1 exchanges may start favoring post-quantum assets â€” and qrl is one of the few ready now.



**community recap**

despite being one of the most technically sound projects in crypto, qrl has flown under the radar for years â€” and so has its community. thereâ€™s no influencer campaigns, and no hype cycles driving engagement. just a small but growing base of long-term holders, technologists, and security-minded crypto users.

* the qrl subreddit remains active with updates, research, and user-led discussions.
* devs regularly publish progress on github and engage with the community through blog posts and discord.
* the team has stayed focused on delivery â€” not marketing.

what youâ€™ll find here isnâ€™t noise â€” itâ€™s signal. the community is small, but conviction is high. and as quantum awareness grows, those watching qrl now may be the earliest of the early.  


**my path to qrl owner**

after doing my due diligence about qrl, what has really convinced me was project zond (qrl 2.0). if it succeeds, developers could migrate ethereum-style smart contracts to a quantum-safe layer with minimal changes. that could be a turning point â€” both for qrl adoption and visibility. i believe a tier 1 listing and real marketing push could follow. so i bought in early â€” before the headlines hit.

to be honest, the restricted market access for qrl was almost a deal-breaker. but i believed the project had real potential, so i opened a mexc account (which seemed like a good option from europe). despite the mixed reviews, everything worked smoothly in my experience.  
  
i was able to make a fiat transfer, convert eur to usdt, buy qrl, and withdraw it to my ledger after installing the qrl app. it took a bit of extra effort â€” but no issues at all.

my investment horizon is 3â€“10+ years. by then, itâ€™s likely that q-day has happened â€” and itâ€™ll be interesting to see where qrl stands. i believe the first truly quantum-resistant blockchain will have survived the turbulence and likely attracted many crypto holders looking to protect their assets. time will tell.  


  
**tl;dr**

* qrl was too early in 2018. now it might be right on time.
* quantum computing is accelerating
* legacy chains are structurally hard to upgrade
* qrl runs quantum-safe cryptography right now
* zond adds future-ready flexibility
* institutional attention is growing
* and almost no oneâ€™s looking â€” yet

  
*full disclosure: i hold $qrl. i have no affiliation or connection to the qrl team. this is not financial advice â€” just my research and perspective on why quantum risk is real and why qrl might be one of the few projects truly ready for it.*",https://www.reddit.com/r/CryptoCurrency/comments/1mk2646/a_deep_dive_into_qrl_the_quantumsafe_blockchain/,reddit
2025-08-07 12:42:50+00:00,"is today's expected executive order like the super bowl? i'm kind of seeing this as a huge sell the news event, possibly one that starts at least a fakeout crypto winter type trading setup. today the potus is expected to sign an order to allow people to directly invest in bitcoin and other cryptos in their 401k plans. 

  
i see this as a huge boon to the industry. if the next month or so does end up being ""the top"" and they sign this law into effect, people will be mislead thinking they are not buying at the top and end up being startled when they lose 80% of their investments when we do have a 2018 or 2022 like market crash. 

i see this kind of like the hype train leading up to when matt damon advertised during the super bowl prior to the implosion of the market. this may be that signal.",https://www.reddit.com/r/CryptoCurrency/comments/1mjz1j1/is_todays_expected_executive_order_like_the_super/,reddit
2025-08-07 11:15:20+00:00,bitcoin defi project bob raises another $9.5m to build btc defi infrastructure,https://www.reddit.com/r/CryptoCurrency/comments/1mjx9zu/bitcoin_defi_project_bob_raises_another_95m_to/,reddit
2025-08-07 11:00:24+00:00,parataxis holdings to go public with plans to raise $640m for bitcoin treasury strategy,https://www.reddit.com/r/CryptoCurrency/comments/1mjx048/parataxis_holdings_to_go_public_with_plans_to/,reddit
2025-08-07 10:39:36+00:00,"the great millennial heist: how your time is being stolen, and why bitcoin is the one asset that can buy it back. bitcoin protects your purchasing power, but it offers you something much more important.",https://www.reddit.com/r/CryptoCurrency/comments/1mjwmzy/the_great_millennial_heist_how_your_time_is_being/,reddit
2025-08-07 09:41:13+00:00,"bitcoin etfs pull in $91.6m, snapping four-day outflow streak",https://www.reddit.com/r/CryptoCurrency/comments/1mjvo47/bitcoin_etfs_pull_in_916m_snapping_fourday/,reddit
2025-08-07 08:52:13+00:00,"us delay on bitcoin audit is a bullish red flag, says strike ceo",https://www.reddit.com/r/CryptoCurrency/comments/1mjuwc9/us_delay_on_bitcoin_audit_is_a_bullish_red_flag/,reddit
2025-08-07 06:26:35+00:00,bitcoin short-term holders â€˜cooled offâ€™ profit-taking as price sticks to $115k,https://www.reddit.com/r/CryptoCurrency/comments/1mjsm2o/bitcoin_shortterm_holders_cooled_off_profittaking/,reddit
2025-08-07 05:36:11+00:00,"the most visited crypto websites in the world * coinmarketcap is the most visited website with nearly 88 million+ visitors per month.
* official bitcoin site bitcoin.org ranks #88 among all.",https://www.reddit.com/r/CryptoCurrency/comments/1mjrryl/the_most_visited_crypto_websites_in_the_world/,reddit
2025-08-07 04:17:10+00:00,$9 billion sale: a bitcoin tale of whales and jail,https://www.reddit.com/r/CryptoCurrency/comments/1mjqd5n/9_billion_sale_a_bitcoin_tale_of_whales_and_jail/,reddit
2025-08-07 00:15:25+00:00,"top 10 cryptos with real utility (not just hype) ethereum (eth): powers most defi + nfts. the backbone of web3.

bitcoin (btc): digital gold. most secure & widely adopted.

xrp (xrp): potentially used by banks for fast global payments.

solana (sol): super fast + cheap. ideal for nfts, games & payments.

polygon (matic): ethereumâ€™s scaling hero. brands like nike & starbucks are using it.

chainlink (link): brings real-world data to smart contracts. powers most defi.

hedera (hbar): built for enterprises. google, ibm & others are onboard.

litecoin (ltc): fast, simple payments. accepted by paypal.

sui (sui): web3-native for gaming & assets. built by ex-meta team.

ondo (ondo): tokenizing real-world assets like treasuries. defi + tradfi bridge.",https://www.reddit.com/r/CryptoCurrency/comments/1mjlb3w/top_10_cryptos_with_real_utility_not_just_hype/,reddit
2025-08-06 21:26:13+00:00,"bitcoin regains perch above $115,000 as crypto markets rebound",https://www.reddit.com/r/CryptoCurrency/comments/1mjh85p/bitcoin_regains_perch_above_115000_as_crypto/,reddit
2025-08-06 21:14:16+00:00,"where we are in the bitcoin cycles? is this time different? data on bitcoin price in cycles, log, and volatility",https://www.reddit.com/r/CryptoCurrency/comments/1mjgwy0/where_we_are_in_the_bitcoin_cycles_is_this_time/,reddit
2025-08-06 19:49:33+00:00,"ethereum: ""the biggest macro trade of the next decade"" tom lee believes that ethereum will be the ""biggest macro trade for the next decade"". he sees ethereum as a practical solution for storing information, tokenizing businesses and assets, and enabling the use of stablecoins, which are now being adopted by institutions. lee notes that ethereum is the first destination for most stablecoin production and that major banks are likely to use ethereum as their preferred blockchain. he compares ethereum's current moment to bitcoin's supposed ""chatgpt moment"" in 2017, which marked a turning point in bitcoin's adoption. while ethereum's impact may not be immediate, lee sees it as a crucial component of the future economy, where digitization will drive economic output.",https://www.reddit.com/r/CryptoCurrency/comments/1mjepii/ethereum_the_biggest_macro_trade_of_the_next/,reddit
2025-08-06 17:53:32+00:00,china bans bitcoin (btc) source: [https://x.com/lilmoonlambo/status/1952056698904150282](https://x.com/lilmoonlambo/status/1952056698904150282),https://www.reddit.com/r/CryptoCurrency/comments/1mjbn4t/china_bans_bitcoin_btc/,reddit
2025-08-06 13:05:51+00:00,"reducing withdrawal fees from binance to trezor cold wallet hello, i have some bitcoin left in my binance account, and i would like to transfer it to my trezor wallet.  
since binance charges a fixed withdrawal fee of 0.001 btc when using the btc (segwit) network, iâ€™m looking to avoid paying nearly $200 in fees, if it's a test transaction and a subsequent full transfer.

i also have a kraken account, but they only provide p2sh (3...) or native segwit (bc1...) deposit addresses. binance doesnâ€™t allow withdrawals to 3... addresses over the ""bitcoin"" network, so using kraken would still be the same 0.001 btc fee via segwit.

as an alternative, i thought about transferring the btc from binance via lightning network to a phoenix wallet, which supports both lightning and on-chain bitcoin. from there, i plan to send the coins on-chain to my trezor wallet.

is this the best approach for minimizing fees while securely transferring btc to cold storage?",https://www.reddit.com/r/CryptoCurrency/comments/1mj45va/reducing_withdrawal_fees_from_binance_to_trezor/,reddit
2025-08-06 12:28:55+00:00,options data show traders hedging for bitcoin drop below $100k and ethereum below $3k,https://www.reddit.com/r/CryptoCurrency/comments/1mj3bq1/options_data_show_traders_hedging_for_bitcoin/,reddit
2025-08-06 10:36:44+00:00,"odds of bitcoin dropping to $111,000 rise as etf outflows top $1 billion",https://www.reddit.com/r/CryptoCurrency/comments/1mj14sf/odds_of_bitcoin_dropping_to_111000_rise_as_etf/,reddit
2025-08-06 07:56:24+00:00,"michigan state pension triples bitcoin etf exposure, latest filing shows - decrypt",https://www.reddit.com/r/CryptoCurrency/comments/1miymfk/michigan_state_pension_triples_bitcoin_etf/,reddit
2025-08-06 06:25:26+00:00,bitcoin etfs bleed millions for 4th straight day as u.s. stagflation fears weigh on btc and stocks,https://www.reddit.com/r/CryptoCurrency/comments/1mix7dj/bitcoin_etfs_bleed_millions_for_4th_straight_day/,reddit
2025-08-05 20:53:53+00:00,"bitcoin, ethereum etf swoon likely temporary blip before next surge: analysts",https://www.reddit.com/r/CryptoCurrency/comments/1mil2m5/bitcoin_ethereum_etf_swoon_likely_temporary_blip/,reddit
2025-08-05 20:25:53+00:00,james howells pivots from landfill dig to tokenization in lost bitcoin saga,https://www.reddit.com/r/CryptoCurrency/comments/1mikc8n/james_howells_pivots_from_landfill_dig_to/,reddit
2025-08-05 19:47:29+00:00,brazil to hold public hearing on bill to establish federal bitcoin reserve,https://www.reddit.com/r/CryptoCurrency/comments/1mijb3w/brazil_to_hold_public_hearing_on_bill_to/,reddit
2025-08-05 18:12:30+00:00,capital b raises 115mâ‚¬ for bitcoin reserve,https://www.reddit.com/r/CryptoCurrency/comments/1migqen/capital_b_raises_115m_for_bitcoin_reserve/,reddit
2025-08-05 17:00:01+00:00,saylorâ€™s bitcoin pitch echoes the godfather: â€œitâ€™s an offer you canâ€™t refuseâ€,https://www.reddit.com/r/CryptoCurrency/comments/1mieppj/saylors_bitcoin_pitch_echoes_the_godfather_its_an/,reddit
2025-08-05 15:45:28+00:00,"crypto payment statistics from 5000+ transactions on our own service hi all! we've [posted here before](https://np.reddit.com/r/cryptocurrency/comments/1l8q2ha/every_ai_model_including_o3_pro_veo_3_through/) - tl;dr we provide access to every ai model (text, image, video), fully privately, no subscription, pay only for what you use.

at this point i'm pretty sure we're in the top 10 of merchants doing most crypto payments with >5000 transactions last month alone. try us out for free by replying here (i'll send you an invite), or just [visit the website](https://nano-gpt.com/) and deposit as little as $0.10.

## july payment statistics

we added a few coins this month, so the statistics are getting ever broader and ever more representative.

## 1. monero

we have to start with **monero**.

it's eating up everything else in our pie chart. xmr now sees 3x as much usage as 2nd place nano, and is used more than all other coins combined at 52.91%.

genuine props to the monero community - offer a privacy solution and they will come!

## 2. nano

second biggest is once again **nano**. our love, our initial coin, and a coin that is punching way above its weight.

ranked #400 in market cap, yet for months it's been the most used or 2nd most used coin on our platform at 17.71%.

it's also being integrated into btcpayserver right now, so hopefully more merchants will accept it soon.

# 3. bitcoin reclaims third

3rd biggest has been retaken by bitcoin! 10.2% of payments were using bitcoin, in addition to another 0.95% using the lightning network.

average btc transaction size was $24.48, while lightning's was $4.42. as expected, but still fun to confirm.

# 4. litecoin

digital silver **litecoin** plus the recently added litecoin mweb added up to 6.7%.

6.59% litecoin, 0.11% specifically mweb.

to be fair - we only added mweb payments about 7 days ago! read the blog for more on our mweb integration.

# honorable mention: zcash

finally with a remarkable amount of usage, **zcash** with 3.44%.

all the more remarkable given that zec payments were only added 2 weeks ago, and the much-requested shielded pay-in addresses a few days ago. 

# the full data

here's the complete breakdown for all coins:

* xmr: 52.91%
* xno: 17.71%
* btc: 10.20%
* ltc: 6.59%
* eth: 3.57%
* zec: 3.44%
* verse: 2.35%
* sol: 1.08%
* btc-ln: 0.95%
* doge: 0.32%
* bch: 0.32%
* dash: 0.24%
* ban: 0.12%
* ltc-mweb: 0.11%
* kas: 0.05%
* egld: 0.01%
* pol: 0.01%

# kaspa, multiversx, dash, bitcoin cash

unfortunately as you can see kaspa was barely used, with just 0.05% of usage.

we know there are a lot of kaspa enthusiasts and presumably users as well - we'd love to get in touch with some kaspa people to hear how we can let kaspians know we exist!

another addition this month that didn't pan out (so far) was multiversx, with just 0.01% of total usage.

we know that there is a large community and that there is a lot of usage, so if anyone in multiversx can get us on a podcast to explain nanogpt, we're all ears!

in a similar vein the typical payment coins like bitcoin cash and dash do not see the amount of usage on nanogpt that you would expect. we clearly need to up our outreach there!

that's all for now - any questions we are of course happy to answer. and if you want to also read about some nanogpt updates, read the comment below.",https://www.reddit.com/r/CryptoCurrency/comments/1micqkz/crypto_payment_statistics_from_5000_transactions/,reddit
2025-08-05 14:40:18+00:00,"""we can have the best of both worlds â€” a private digital payment network that scales to billions of users"" - sean bowe cryptographic engineer tachyon is the most exciting improvement for privacy in years. scaling to millions has only been a pipe dream. it's quickly moving from theoretical to implemented.

bitcoin was digital scarcity - those two words changed society. ethereum was programmable money and we are headed for 1tril+ of stablecoins.

https money will change society again by prying the leverage of information out of the hands of the collective and the eavesdroppers and putting back in the hands of the individual.

we will use math to force them to respect our privacy. 

\--------------------------------------

# ""tachyon: scaling zcash with oblivious synchronization

zcashâ€™s shielded transactions offer the strongest privacy guarantees of any distributed financial network today. they provide a cryptographic property we call â€œledger indistinguishability,â€ which delivers strong on-chain confidentiality â€” far beyond whatâ€™s achievable with decoys or cover traffic that only partially masks transaction details. in short,Â **shielded transactions resemble random gibberish paired with a proof that it actually represents a valid payment.**

to enable this, zcash pioneered the use ofÂ [zero-knowledge proofs](https://en.wikipedia.org/wiki/zero-knowledge_proof)Â â€” a technique that allows the network to verify transactions without revealing their private contents. these proofs are called â€œzero-knowledgeâ€ because they revealÂ *nothing*Â about the transactionâ€™s internals. but the cryptographic techniques behind this â€” particularly the proofs we use calledÂ [zk-snarks](https://z.cash/learn/what-are-zk-snarks/)Â â€” are also powerful tools for building scalable decentralized systems. their power lies not just in the zero-knowledge property itself (which is often unused in practice), but in their ability to succinctly prove the correctness of large computations.

today, many projects use zero-knowledge (â€œzkâ€) as a marketing term, with little to no regard for actual user privacy.Â **we can have the best of both worlds â€” a private digital payment network that scales to billions of users â€” by fully leveraging both zero-knowledge and verifiable computation.**Â we've invested heavily in making this happen, first through theÂ [discovery of halo](https://electriccoin.co/blog/halo-recursive-proof-composition-without-a-trusted-setup/)Â â€” which led to a revolution in efficient, scalable verifiable computation â€” and then through theÂ [orchard payment protocol](https://zcash.github.io/orchard/), which laid the groundwork for the next generation of upgrades.[^(1)](https://seanbowe.com/blog/tachyon-scaling-zcash-oblivious-synchronization/#orchard)

**now itâ€™s time to cross the finish line.**Â i am proposing several protocol changes in zcash that allow us to increasingly scale the protocol while providing a smooth transition path for existing users and wallets. the crucial component that makes this possible is a new model for how wallets interact with the blockchain that i refer to asÂ **oblivious synchronization**. this new approach improves the user experience for walletsÂ *and*Â permits an architectural change to the protocol that maintains ledger indistinguishability without incurring heavy state contention, storage and bandwidth costs for validators.

**crucially, it is an actionable plan that does not require speculative research to see to fruition.**Â in the short term it can be deployed using the cryptography we're already experts at deploying in zcash, leaving some remaining challenges for more longer-term research in the future. in order to make this happen we must pursue an engineering effort much like the â€œsaplingâ€ upgrade from earlier in zcash's history. back then, we set out to make zk-snarks practical enough to run on mobile devices â€” a capability thatâ€™s now taken for granted. the sophistication of the sapling upgrade (and the coordination required to pull it off) remain nearly unmatched across the entire blockchain space.[^(2)](https://seanbowe.com/blog/tachyon-scaling-zcash-oblivious-synchronization/#apollo)

here's what it will take to raise the bar again.

# [ğŸ”—](https://seanbowe.com/blog/tachyon-scaling-zcash-oblivious-synchronization/#proof-carrying-data)proof-carrying data

early in the history of zcash our shielded transactions earned a reputation for being expensive due to the use of zk-snarks. as mentioned, theÂ [sapling network upgrade](https://z.cash/upgrade/sapling/)Â incorporated a slate of cryptographic improvements from our team[^(3)](https://seanbowe.com/blog/tachyon-scaling-zcash-oblivious-synchronization/#newcurves)Â and from the academic world[^(4)](https://seanbowe.com/blog/tachyon-scaling-zcash-oblivious-synchronization/#groth16)Â which made our proofs extremely efficient to generate. however, zk-snarks are also known for being slow to verify when compared to bog standard digital signature schemes. this has led to a misconception that zk-snarks are the cause of performance and scalability bottlenecks in zcash.

in reality, we've never actually considered zk-snark verification a barrier to scaling zcash. i once co-authored a paper[^(5)](https://seanbowe.com/blog/tachyon-scaling-zcash-oblivious-synchronization/#sonic)Â where we devised a method to batch verify proofs as efficiently as checking a single proof, with the help of an untrusted third party's computational resources. later results in proof aggregationâ€”analogous toÂ [digital signature aggregation](https://crypto.stanford.edu/~dabo/papers/aggsurvey.pdf)Â in other protocolsâ€”allowed multiple proofs to beÂ *combined*Â and efficiently verified as a single unit, a notable example being snarkpack[^(6)](https://seanbowe.com/blog/tachyon-scaling-zcash-oblivious-synchronization/#snarkpack)Â which has been deployed in some blockchains.

the ultimate tool for scaling zk-snark verification and a wide variety of other computationally intensive tasks in protocols like zcash is a more general technique calledÂ **proof-carrying data (pcd)**Â that was originallyÂ [devised](https://ic-people.epfl.ch/~achiesa/docs/ct10.pdf)Â and evenÂ [realized](https://eprint.iacr.org/2014/595)Â by the scientists behind zcash. crudely speaking, pcd allows data to live alongside proofs of its own correctness so that when it is combined with other (proof-carrying) data the mixture inherits and extends the original proofs of correctness. this can be used to â€œcompressâ€ a huge amount of verifiable computational effort, since the resulting data does not need to grow in size and there is noÂ *practical*Â bound in the complexity of the inductive claims.[^(7)](https://seanbowe.com/blog/tachyon-scaling-zcash-oblivious-synchronization/#knowledge_extractors)

pcd languished for years as a theoretical tool due to performance limitations. this changed when our team at the electric coin company discoveredÂ [halo](https://eprint.iacr.org/2019/1021), which was a brand new approach to achieving pcd with significantly better performance while also avoiding trusted setups and strong cryptographic assumptions. as mentioned before, this led to a cambrian explosion of new results[^(8)](https://seanbowe.com/blog/tachyon-scaling-zcash-oblivious-synchronization/#halo)Â that has made pcd table stakes for new scalable protocols. pcd can be leveraged to make zcash's blocks small and fast to verify no matter how many shielded transactions they contain, and it can even be applied to the chain itself to build fully succinct blockchains.[^(9)](https://seanbowe.com/blog/tachyon-scaling-zcash-oblivious-synchronization/#mina)Â as we'll be discussing, they can be used in other ways to improve our network's transaction throughput.

# [ğŸ”—](https://seanbowe.com/blog/tachyon-scaling-zcash-oblivious-synchronization/#communicating-state-changes)communicating state changes

zk-snarks and pcd are indispensable tools for maintaining privacy while enforcing correctness in contexts that do not involve high state contentionâ€”such as within a single transaction or across a long-term history of transactions. however, privacy-preserving protocols like zcash involve communicating and coordinatingÂ *global*Â state changes because shielded transactions must be made indistinguishable from one another to reach our lofty privacy goals.

there are three major areas where this becomes a concern in our existing protocol:

* how do users learn about the payments they receive and the information they need to spend those funds?
* how do users later demonstrate that the funds they are spending actually exist?
* how are users prevented from spending funds that have already been spent?

zcash's current protocol solves these problems in a way that is maximally convenient for the zk-snarks (due to legacy concerns about their performance) but otherwise very inconvenient or even impossible to scale to large numbers of users and payments. by being open to some common sense changes to the underlying cryptography and payment protocol we can take full advantage of the modern performance of zk-snarks and pcd.

# [ğŸ”—](https://seanbowe.com/blog/tachyon-scaling-zcash-oblivious-synchronization/#shielded-notes-and-commitments)shielded notes and commitments

shielded transactions involve spending and creating â€œnotes,â€ which represent an amount of funds and the key authorized to spend them â€” not unlikeÂ [utxos](https://developer.bitcoin.org/devguide/transactions.html)Â in bitcoin. we aim to leak as little information as possible about the notes being spent or created in a transaction, instead allowing the zk-snark to prove that various rules are being followed. in order to keep newly created notes private they are encapsulated in aÂ [cryptographic commitment](https://en.wikipedia.org/wiki/commitment_scheme)Â that is exposed publicly in the transaction.[^(10)](https://seanbowe.com/blog/tachyon-scaling-zcash-oblivious-synchronization/#commitments)

the commitment hides the note, but the zk-snark can still reason about the note because the transaction creator can open the commitment using a random, secret key. this allows the zk-snark proof to enforceÂ *local*Â rules for things like â€œbalance integrityâ€ (the sum of the funds in new shielded notes does not exceed the sum of the funds being spent) and â€œspend authorizationâ€ (that we know the secret key associated with the notes being spent). in order for the recipient to later spend the funds they must also learn this random key and other payment information, necessitating aÂ **secret distribution system**.

secret distribution systems are not ordinarily needed in blockchain protocols. the standard payment flow in most cryptocurrencies works like this:

1. the user asks their wallet for a payment address.
2. the user gives this payment address to one or more other people.
3. other people use this address to make a payment.
4. the user scans the blockchain to find all the new payments to their address.

this is how bitcoin and most other cryptocurrencies work, and it's possible because addresses and payments are not private. the user can ask a third party (like a light wallet server or block explorer) for all the payments made to an address and those services can index the blockchain and answer these queries in a way that quickly enables the user to spend those funds. in private cryptocurrencies like zcash we cannot ask a third party to identify payments sent to our payment address. in order to see incoming payments we must allow the sender to encrypt the relevant information and send it to us.

zcash lets senders place ciphertexts inside of shielded transactions that contain note information. recipients identify incoming payments by trial decryptingÂ *every transaction*Â until they identify payments sent to them. this simply does not scale.[^(11)](https://seanbowe.com/blog/tachyon-scaling-zcash-oblivious-synchronization/#detection_keys)Â **as a start, we'll be assuming that zcash's future payment flows involve out-of-band payments where the sender and recipient use a separate channel for secret distribution.**Â the on-chain ciphertexts can then be removed from the protocol entirely.[^(12)](https://seanbowe.com/blog/tachyon-scaling-zcash-oblivious-synchronization/#postquantum)

fortunately, it is common for a pre-existing channel to already exist between the sender and recipient: a user paying a merchant through a web interface, someone buying coffee within physical proximity to a payment terminal, or friends resolving dinner debts over signal chats. in these cases theÂ [payment request](https://zips.z.cash/zip-0321)Â model that is supported by most zcash wallets (and commonly found in most cryptocurrencies) accomodates out-of-band payments. it is even possible for payments to be sent to recipients out-of-band without a payment request through the use of â€œliberatedâ€ orÂ [uri-encapsulated payments](https://zips.z.cash/zip-0324).[^(13)](https://seanbowe.com/blog/tachyon-scaling-zcash-oblivious-synchronization/#liberated)

there are some drawbacks that have to be addressed separately. by moving secret distribution out-of-band the user cannot rely on the blockchain as a storage mechanism for recovering their funds from a seed phrase or sharing transaction histories with view keys. also, the ability to give a payment address away publicly (like posting on a billboard to solicit anonymous donations) does not inherently work.[^(14)](https://seanbowe.com/blog/tachyon-scaling-zcash-oblivious-synchronization/#billboards)Â in order to support these use cases we will need additional infrastructure for our wallets to store and distribute payment information privately. this at least makes sense from an economic perspective, since the blockchain currently provides for these use cases for free at great systemic cost.

# [ğŸ”—](https://seanbowe.com/blog/tachyon-scaling-zcash-oblivious-synchronization/#accumulators-and-nullifiers)accumulators and nullifiers

in order to spend a shielded note that has been previously created, validators continually append the new note commitments that appear in shielded transactions to aÂ [cryptographic accumulator](https://en.wikipedia.org/wiki/accumulator_(cryptography)). currently, at block boundaries, the accumulator is checkpointed and a succinct (hash) representation of that checkpoint is stored by validators. we call this checkpoint an â€œanchor.â€ in order to spend a note later, shielded transactions demonstrate that the note they are spending exists at some (usually recent) anchor that validators accept as valid.

in order to maintain privacy, while shielded transactions must publicly identify the anchor (for validators to check) they doÂ *not*Â need to identify the actual note commitment they are spending. this works because aÂ **set inclusion witness**Â that demonstrates a commitment exists within an accumulator can be short and easy to verify, and so the zk-snark proof in a transaction can be used to demonstrateÂ *knowledge*Â of such a witness without revealing it publicly.

if we do not identify the note being spent, how do we demonstrate that it has not been spent by another transaction?Â **the zk-snark helps us verifiably compute a value called a nullifier that is deterministically derived in some way from the note we are spending.**Â the nullifier itself does not reveal anything about the note, but because it is forcibly disclosed within the transaction it serves as an indelible mark on the chain state that prohibits double-spends. validators currently remember all of the nullifiers seen before and reject payments as invalid if they reveal a previously-seen nullifier.

**the scalability bottlenecks that remain in zcash center around how wallets synchronize with these particular blockchain state changes.**Â currently, even with out-of-band payments,Â *every*Â timeÂ *any*Â user creates a shielded transaction in zcash:

* the network must ensure that the revealed nullifier has never been seen before;
* the network must record the nullifier so that it cannot be repeated again; and,
* all other users must account for the newly created note commitments by updating their set inclusion witnesses for all of their unspent shielded notes, to reflect a more recent anchor.

# [ğŸ”—](https://seanbowe.com/blog/tachyon-scaling-zcash-oblivious-synchronization/#oblivious-synchronization)oblivious synchronization

it'll be helpful to recast what a zcash wallet does through the lens of an abstract machine, focusing (without loss of generality) on the case that the wallet only receives and later spends a single shielded note.

the wallet starts in someÂ *initial*Â state (at some point in the blockchain) and processes blocks one at a time. in each block, it attempts to find a new note commitment that it expects to find based on the out-of-band process mentioned previously. once found, the wallet enters aÂ *synchronizing*Â state. in all of the blocks that follow, the wallet checks to make sure the block does not contain the nullifier for the note to ensure it has not been spent already. as long as it hasn't the wallet remains in this synchronizing state.

finally, when the user is ready to make a transaction, they use the wallet's state to create a zk-snark proof and spend the funds. (the wallet's state contains, for instance, the set inclusion witness needed to spend the note with a recent anchor.) this is more or less how our wallets currently work.

my vision for scaling zcash is to fully embrace a new model for how zcash wallets should synchronize with blockchain state changes. rather than using the wallet's state to merely inform the process of creating a zk-snark proof when it comes time to spend,Â **we will**Â ***also***Â **represent our wallet's state as proof-carrying data.**Â this means that as the wallet state updates to reflect new blocks it will continually maintain a proof of its own correctness. then, when it's time to spend our funds we will extend our transaction with this proof-carrying data. this effectively attaches evidence that the transaction is valid up until a certain recent point in the history of the blockchain â€” the position of the anchor.

the result is that validators are now only responsible for ensuring that the transaction is correct in the presence of the additional transactions that appeared in the intervening time, which just involves checking that the most recent block(s) do not contain the revealed nullifier.[^(15)](https://seanbowe.com/blog/tachyon-scaling-zcash-oblivious-synchronization/#nullifier_after_commitment)Â as a result, almost everything in a block can be permanently pruned by validators and ultimately all users of the system as well.Â **despite transactions sharing a common state by being indistinguishable from each other, nearly all state contention problems vanish in this new approach.**

it would seem for this model to work that the user's wallet will have to follow a much more expensive synchronization process to create and maintain pcd of the wallet state. this expense is not just due to the cost of creating pcd proofs but also the bandwidth needed to apply every block to the wallet state.

however, we can arrange things so that the user's wallet can outsource the process of synchronizing the wallet (and creating the pcd proofs) to a third party that i call anÂ **oblivious syncing service**. this service isn't trusted with private information or secrets and learns nothing about the notes in the user's wallet, yet it can still make progress synchronizing its state even when the user's wallet software is offline.

we already know that this kind of approach is possible with expensive cryptography likeÂ [fully-homomorphic encryption](https://en.wikipedia.org/wiki/homomorphic_encryption)Â (fhe).Â **but by adjusting the protocol slightly we can simply use pcd.**Â the remote server only needs to learn the nullifier of the note to make synchronization progress without the assistance of the user's wallet, since the wallet can blind or encrypt the rest of the wallet state and only permit the oblivious syncing service to make state transitions involving the nullifier. one would expect this to reveal some information to the service about the note's possible location in the accumulator, but by adjusting how the nullifier is derived in the protocol[^(16)](https://seanbowe.com/blog/tachyon-scaling-zcash-oblivious-synchronization/#nullifier_derivation)Â we can eliminate this information leakage entirely, depriving the service ofÂ *any*Â information about the note being spent.

in practice the wallet will be handling multiple notes and thus multiple nullifiers, and so an oblivious syncing service might learn more information if it can correlate requests as originating from the same wallet. but this same kind of leakage occurs already anyway when the transactions themselves are published, and so we must tackle the problem at least partially with network privacy countermeasures like mixnets. fortunately, as i'll explain in a future blog post, even if the oblivious syncing service can correlate nullifiers we canÂ *completely*Â sever the link using nifty cryptographic techniques and protocol adjustmentsâ€”it's just a matter of finding the most efficient point in the trade-off space.

# [ğŸ”—](https://seanbowe.com/blog/tachyon-scaling-zcash-oblivious-synchronization/#project-tachyon)project tachyon

this new model of wallet synchronization and validator state pruning can be enabled with several compartmentalized changes to the existing protocol that can happen in independent tracks, providing an immediate capacity increase in the zcash shielded payment protocol at each step. the main changes involved include:

* **wallets need to adopt out-of-band payments.**Â ecc has already begun exploring the incoporation of uri-encapsulated payments into its zashi mobile wallet. different kinds of out-of-band payment flows will require changes to the way existing wallets use payment requests. fortunately, almost all of this is reverse-compatible and can be deployed without any changes to the zcash protocol. it also leads to immediate usability wins for shielded wallets even without capacity improvements.
* **blocks need to incorporate shielded transaction aggregation.**Â this involves implementing and deploying a pcd-based proof aggregation protocol for orchard payments, which we've already been considering for years[^(17)](https://seanbowe.com/blog/tachyon-scaling-zcash-oblivious-synchronization/#shielded_aggregates)Â and ensured the orchard payment protocol could later accomodate. this can land in a network upgrade without any other changes to wallets or the underlying payment protocol and leads to an immediate capacity increase.
* **nullifiers should be derived differently to prevent oblivious syncing services from learning sensitive information about wallets.**Â this can be achieved with a backwards-compatible network upgrade, though it will require a circuit change.
* **nullifiers**Â (and potentially also note commitments)Â **must be batch inserted into a new accumulator that supports efficient set (non-)membership testing in pcd.**Â i've already sketched a very simple and efficient accumulation scheme for this. this will allow the development of oblivious syncing services without any immediate changes to the payment protocol that would risk user funds, and can be done in a network upgrade with high assurance.
* **in-band secret distribution must be removed in zcash.**Â this can be achieved once wallets have migrated away from the legacy payment protocol(s). efforts in this direction can happen independent of any protocol changes.
* **the payment protocol should allow wallet pcd state to augment the zk-snark in transactions.**Â this final major improvement allows validators to begin pruning all old blockchain state and reduces state contention considerably. this can be paired with a corresponding increase to block sizes and/or frequency.

**i call this the tachyon project for zcash.**Â i'm excited that all of these steps are possible, can be done using cryptography we are already experts in deploying, can be developed in parallel tracks, and involve few changes to the actual payment protocol. my goal is to faciliate these efforts on an ambitious timeline: many of the major scalability improvements should be able to hit mainnet within a year, while the more involved changes will depend on how quickly wallets can migrate from legacy payment protocols. as with all of our previous network upgrades i'm committed to shipping high quality code that protects our users' privacy.

crucially, i don't plan to stand in the way of any other zcash protocol improvements while i see tachyon to fruition. i'm not asking the community for grants or financial assistance at this time, and i'm not asking any organizations to redirect resources to tachyon that they think are better spent elsewhere. i also have no reason to believe that tachyon will conflict with any of the active areas of development such as crosslink and zsas; in fact, i have more reason to believe these protocol enhancements will be mutually beneficial for tachyon.

there are many things i'll be sharing over the coming weeks. i'm most excited to publish benchmarks of a proof-carrying data toolkit that i've developed to be compatible with the orchard payment protocol, with the goal being to set a floor on the performance of shielded transaction aggregation and oblivious syncing services. this should begin to reveal the magnitude of the scalability improvements we can expect and the complexity of the path forward.

stay tuned, and please get in touch if you'd like to help!""

[https://seanbowe.com/blog/tachyon-scaling-zcash-oblivious-synchronization/](https://seanbowe.com/blog/tachyon-scaling-zcash-oblivious-synchronization/)",https://www.reddit.com/r/CryptoCurrency/comments/1mib19u/we_can_have_the_best_of_both_worlds_a_private/,reddit
2025-08-05 14:06:51+00:00,uk police force gets $665k bitcoin windfall from seizures,https://www.reddit.com/r/CryptoCurrency/comments/1mia5wo/uk_police_force_gets_665k_bitcoin_windfall_from/,reddit
2025-08-05 13:58:02+00:00,"why is there still no emoji or keyboard support for the bitcoin symbol (â‚¿)? i recently tried to send someone a bitcoin emoji or character  and to my surprise, nothing showed up. no emoji. no built-in keyboard shortcut..then it hit me.

we live in a world where ğŸ†ğŸ’©ğŸ§ ğŸ‘» are one tap away, but **â‚¿** , a globally recognized digital asset with a $1t+ market cap  is nowhere to be found even though bitcoin has :

\-been around since 2009

\-been declared legal tender in countries like el salvador

\-been integrated into major financial platforms

\-been traded globally for trillions of dollars

...the most common digital tools  ios, android, windows, macos still refuse to acknowledge it with a simple key or emoji meanwhile, obscure currencies, outdated symbols, and novelty emojis get full support. why?

**control over symbols is control over perception**

if something doesnâ€™t have a symbol, it becomes harder to talk about, type, share, or normalize.  
it becomes invisible to the masses  not by force, but by friction. ask yourself:

\-why hasn't unicode approved a bitcoin emoji?

\-why donâ€™t apple, google, microsoft or samsung include **â‚¿** by default?

\-why do you need to copy/paste â‚¿ or create your own shortcut just to use it?

we're not talking about a joke coin here. weâ€™re talking about an asset that has outperformed every major currency, equity, and commodity over the past decade.

**is this just neglect... or intentional?**

whether it's an oversight or something more deliberate, the message is clear: the system tolerates bitcoin. but it wonâ€™t *legitimize* it. and legitimacy  in a world of symbols, memes, and interfaces  begins with a single keystroke.

until then, keep copying and pasting: **â‚¿**  
because apparently, **freedom still isnâ€™t on the keyboard.**",https://www.reddit.com/r/CryptoCurrency/comments/1mi9xko/why_is_there_still_no_emoji_or_keyboard_support/,reddit
2025-08-05 13:45:45+00:00,indonesia's vice president's office invited bitcoiners over to discuss exploring bitcoin as a national reserve source: [https://x.com/bitcoinmagazine/status/1952712897684967513](https://x.com/bitcoinmagazine/status/1952712897684967513),https://www.reddit.com/r/CryptoCurrency/comments/1mi9mp1/indonesias_vice_presidents_office_invited/,reddit
2025-08-05 10:56:18+00:00,saylorâ€™s strategy has doubled its bitcoin stash since trumpâ€™s election,https://www.reddit.com/r/CryptoCurrency/comments/1mi5zu4/saylors_strategy_has_doubled_its_bitcoin_stash/,reddit
2025-08-05 07:32:10+00:00,"bitcoin weekly market update, 4 august 2025 **bitcoin pulled back, but closed the week well above its recent breakout level. conservative price target still at $142k.**

in tradfi, last week stock markets had a good start of the week. then came wednesday, and the us fed announced that there would be no july rate cut. this was no surprise at all, and the markets didnâ€™t react much. what they did react to was the following press conference, where chairman powell refused to give any promises of a september cut. this should have come as no surprise either, as powell has repeated over and over and again and again that they will always follow the data. but still, the markets were apparently somewhat disappointed, and sold off a little.

however, the bigger sell off came on thursday and friday, as trump announced a new barrage of tariffs that got everybody spooked, and as job number revisions came in much larger than expected. if we take a step back and look at the bigger picture though, so far this pull back is not large, and it could well turn into a normal correction in a strong uptrend.

turning to bitcoin, despite following the rest of the market down, it closed the week at $114k, still sitting well above the breakout point at $109k. the breakout has not been invalidated, and the conservative price target remains at $142k. so with that in mind, itâ€™s much too early to call any tops.

letâ€™s see what the stock markets do this week in response to last weekâ€™s news about tariffs and jobs. but for now, a mindset of patience and buy-the-dip seems the most rational.

[btc\/usd weekly chart, 4 august 2025. pulled back and closed the week at $114k, still well above the breakout level of $109k. price target $142k.](https://preview.redd.it/wny6lalnl5hf1.jpg?width=4950&format=pjpg&auto=webp&s=09a852ab8d393de76e39dcdf3113019d126c87f6)

*for more market updates and analysis, follow me on x:* [*https://x.com/itsdayagain*](https://x.com/itsdayagain)",https://www.reddit.com/r/CryptoCurrency/comments/1mi2qux/bitcoin_weekly_market_update_4_august_2025/,reddit
2025-08-05 01:41:36+00:00,blackrockâ€™s bitcoin etf is now the 2nd best etf in monthly flows,https://www.reddit.com/r/CryptoCurrency/comments/1mhw8un/blackrocks_bitcoin_etf_is_now_the_2nd_best_etf_in/,reddit
2025-08-04 21:00:04+00:00,"bitcoin was at $280, 10 years ago today. it has surged by 40,877% since then, representing a 410x return",https://www.reddit.com/r/CryptoCurrency/comments/1mhpm2v/bitcoin_was_at_280_10_years_ago_today_it_has/,reddit
2025-08-04 16:24:06+00:00,"strategyâ€™s saylor sidesteps on-chain proof of bitcoin reserves, says audits are enough",https://www.reddit.com/r/CryptoCurrency/comments/1mhi2fa/strategys_saylor_sidesteps_onchain_proof_of/,reddit
2025-08-04 16:14:02+00:00,binance makes bitcoin options writing available to all users,https://www.reddit.com/r/CryptoCurrency/comments/1mhhsm8/binance_makes_bitcoin_options_writing_available/,reddit
2025-08-04 14:11:36+00:00,bitcoin holders hit record $1.4 trillion in unrealized profit,https://www.reddit.com/r/CryptoCurrency/comments/1mhejhl/bitcoin_holders_hit_record_14_trillion_in/,reddit
2025-08-04 07:42:30+00:00,france considers redirecting nuclear surplus to state-backed bitcoin mining,https://www.reddit.com/r/CryptoCurrency/comments/1mh76wf/france_considers_redirecting_nuclear_surplus_to/,reddit
2025-08-04 01:52:06+00:00,"bitcoin analyst builds btcâ€™s bullish case after binance volume spike, fed liquidity surge",https://www.reddit.com/r/CryptoCurrency/comments/1mh0x1h/bitcoin_analyst_builds_btcs_bullish_case_after/,reddit
2025-08-03 21:41:14+00:00,"help me help the world 
working on a project named cicero.  self hosted, privacy focused ai assistant developed in rust.  introduction at:

serious manifesto: https://cicero.sh/r/manifesto

satirical comedy, george carlin style: https://cicero.sh/r/hows-the-ai-revolution

dev branch: https://github.com/cicero-ai/cicero/tree/dev-master

looking for a business partner / investor.  i'm tired of treading water by myself, and searching for tangible support now.  in exchange, i'll make you rich.

need at least 1 and perferably 2 btc to take care of everything necessary.  for collateral, you can have apex at https://apexpl.io/.  took me years to develop, intended to be a modern replacement to wordpress, but unfortunately never gained any traction.  beautiful software though, and i'll stand behind the quality of the engineering.  

if you're technical, just give the 4 line install that's on the home page a try and you'll see for yourself, it's really nice software.  you can have the domain name, github repos (https://github.com/apexpl/), plus i'll transfer the website and entire network of svn repos over to a server of your choice.  there's even a bitcoin web wallet package there, plus a bitcoin mixer package.

probably shouldn't say this, but for background on me, google ""jesse james british columbia murder"".  don't worry about the nazi stuff, as i can assure you it's simply not true.

i was his tech lead for 9 years.  with the current price of btc, he probably has over $3 billion locked on the blockchain by now, much of which i was an integral part in helping him make.  i can do the same for you.

i have a break through in nlp coming in as soon as two weeks if i wish.  you can see the existing version of the nlu engine at: https://cicero.sh/sophia/

new pos tagger is already done, although not published.  47k custom, hybrid and fine tuned logistic regression models, one per ambiguous word, work a charm.  far better than the existing pytorch based pos taggers out there.

from my calculations, next version of nlu engine should bring in about $3000/day in api calls, plus about $200k/month in enterprise sales.  this is supposedly the era of ai agents, except they simply don't work.  my nlu engine is deterministic, hence you can rely on it, and it will actually just work unlike the existing crap that's out there.

i can complete the manifesto with quality, we're about 6 weeks out from a general release if i really wanted.  help me help the world.  help me transform the internet for the better.  

i have the necessary skills and experience to do it, but i'm tired of yelling into the void.  support me, and i'll make you filthy rich.

terms are at your desire.  if you want a loan with good interest, investment with monthly dividends, equity, whatever suits you.  i plan to incorporate in singapore in the near future, so can issue you shares then.

contact me anytime personally via e-mail at matt@cicero.sh.  every last detail is technically mapped out in my mind, i just need to execute.  more than happy to provide my whatsapp and answer any questions you may have.

best regards,
matt",https://www.reddit.com/r/CryptoCurrency/comments/1mgvfvm/help_me_help_the_world/,reddit
2025-08-03 20:43:13+00:00,canadian teen convicted in $37m bitcoin heist and 2020 x hacking spree,https://www.reddit.com/r/CryptoCurrency/comments/1mgtzqs/canadian_teen_convicted_in_37m_bitcoin_heist_and/,reddit
2025-08-03 19:38:06+00:00,"what happens to satoshis coins, post quantum? there is a saying: ""if satoshis coins move, quantum computers exist"".

lets say bitcoin one day moves to post-quantum cryptography and people will have plenty of time to move their coins, but there will definitely be people and their coins left behind. presumably one of them satoshi nakamoto.

what will happen once satoshis coins move? would that start a massive panic, crash bitcoin and the entire economy. will it encourage latecomers that the ship has not sailed yet and there is still plenty of time to start stacking sats?

p.s. if satoshi nakamoto moves his coins himself, will we even know it was him? is there a scenario where satoshis coins move without causing panic?",https://www.reddit.com/r/CryptoCurrency/comments/1mgsceu/what_happens_to_satoshis_coins_post_quantum/,reddit
2025-08-03 19:10:59+00:00,"bitcoin miners earn $1.66 billion in july, a post-halving record",https://www.reddit.com/r/CryptoCurrency/comments/1mgro6t/bitcoin_miners_earn_166_billion_in_july_a/,reddit
2025-08-03 16:35:00+00:00,"earlier today while bitcoin was hovering around 112k a group of high profile social media news accounts attempted to psyop the market and all started sharing fake ""china crypto ban"" news. you may have seen my post from yesterday asking the community for grassroots help in finding out if the ""breaking news"" was actually true.

[china may or may not have banned bitcoin. (again)](https://www.reddit.com/r/cryptocurrency/comments/1mg86k1/china_may_or_may_not_have_banned_bitcoin_again/)

we can now safely say that the story was in fact false and all high profile participants who shared it were either knowing or unknowing contributing to an attempted psyop attack on the crypto markets.

some of those accounts include

https://preview.redd.it/aq92w9n6ytgf1.png?width=602&format=png&auto=webp&s=b8a7916f602c8406448b44141b427bc3bb7f1a3d

investing.com social media account - 1.2m followers

https://preview.redd.it/p7t7oy4kytgf1.png?width=601&format=png&auto=webp&s=c8245dd91fc2281b92ba323e1890dc88a568d8f0

unusual\_whales - 2.4m followers

https://preview.redd.it/u1svz2ioytgf1.png?width=603&format=png&auto=webp&s=66aa0861f62a75d016ef65bab289f16f2840b219

kalshi 140k followers

https://preview.redd.it/pett5rdc1ugf1.png?width=610&format=png&auto=webp&s=ad53bb3f0febec4f67cc24ae5e1ebe93e5f74f56

first squawk - 388k followers

\---

it appears the first major account i can find to share the news was first squawk which was then later picked up by other social media first alert ""outlets"" despite no official reporting on the subject by traditional media.

if you know of any other major outlets that perpetuated the fake news let me know and i'll add them to the list of shame.",https://www.reddit.com/r/CryptoCurrency/comments/1mgnq8l/earlier_today_while_bitcoin_was_hovering_around/,reddit
2025-08-03 16:33:40+00:00,bitcoin set to hit $189k as global liquidity tops $127-t,https://www.reddit.com/r/CryptoCurrency/comments/1mgnp2v/bitcoin_set_to_hit_189k_as_global_liquidity_tops/,reddit
2025-08-03 14:23:35+00:00,"the case for ckbtc over wrapped bitcoin ckbtc provides a better way to bring bitcoin onto smart contract platforms because it is fully trustless and does not rely on any centralized custodian like wrapped bitcoin does. when you use ckbtc you maintain control of your btc since it is secured directly by the internet computerâ€™s protocol using strong cryptography. transactions with ckbtc happen in seconds and fees are almost nonexistent compared to the slow and costly transfers that come with wbtc on ethereum. this results in a much smoother and cheaper user experience without compromising security or decentralization. icpâ€™s deep integration allows you to bridge bitcoin straight from your wallet without dealing with complicated steps or waiting for approval from a custodian. this ease of use makes ckbtc a top choice for anyone looking to use real bitcoin in decentralized finance. defi applications benefit greatly because ckbtc enables fast and cheap bitcoin transactions on-chain, opening up new possibilities for lending, borrowing, and trading. as the icp ecosystem grows more projects will adopt ckbtc creating a strong network effect that benefits everyone involved. the speed, security, and trustlessness of ckbtc give it a clear edge over wrapped bitcoin solutions. in the long run ckbtc better embodies the core principles of crypto by enabling self custody and seamless on-chain bitcoin liquidity.",https://www.reddit.com/r/CryptoCurrency/comments/1mgkj88/the_case_for_ckbtc_over_wrapped_bitcoin/,reddit
2025-08-03 13:41:58+00:00,"the work to integrate nano into btcpay server has started btcpay server is like a ""payment server."" it's an open-source tool that allows businesses and individuals to accept cryptocurrency payments directly, without a middleman like paypal or a bank.   
originally, it was built specifically for bitcoin.

integrating nano into btcpay server means adding nano to the list of cryptocurrencies that the btcpay server can process.",https://www.reddit.com/r/CryptoCurrency/comments/1mgjkat/the_work_to_integrate_nano_into_btcpay_server_has/,reddit
2025-08-03 12:33:01+00:00,there is no second best: bitcoin consistently outperforms all major assets despite near-term selloff,https://www.reddit.com/r/CryptoCurrency/comments/1mgi426/there_is_no_second_best_bitcoin_consistently/,reddit
2025-08-03 11:31:09+00:00,"bitcoin minersâ€™ monthly profits hit highest since halving, jp morgan reveals",https://www.reddit.com/r/CryptoCurrency/comments/1mggz2h/bitcoin_miners_monthly_profits_hit_highest_since/,reddit
2025-08-03 09:20:41+00:00,arkham uncovers what may be the largest bitcoin theft in history,https://www.reddit.com/r/CryptoCurrency/comments/1mgewcx/arkham_uncovers_what_may_be_the_largest_bitcoin/,reddit
2025-08-03 07:28:18+00:00,the salvadoran paradox: how bitcoin became a nation's safe rather than its wallet for everyday purchases. this paradox reminds us of a great truth that applies to all major technological disruptions throughout history.,https://www.reddit.com/r/CryptoCurrency/comments/1mgd7me/the_salvadoran_paradox_how_bitcoin_became_a/,reddit
2025-08-03 06:43:13+00:00,hacker still holds $14 billion in stolen bitcoin from massive 2020 lubian attack: arkham,https://www.reddit.com/r/CryptoCurrency/comments/1mgci5b/hacker_still_holds_14_billion_in_stolen_bitcoin/,reddit
2025-08-03 05:07:58+00:00,"so, there is a post describing how a solo miner just scored a full bitcoin block reward. here is a breakdown on what actually happened and how insane it is a random solo miner just walked away withÂ **3.125 btc (\~$373,000)**Â for miningÂ **block 907,283**Â completely on their own, through theÂ **solo ck pool**. thatâ€™s a win most miners can only dream of, while also being extremely rare.

this happened inÂ **late july 2025**, and people are still trying to wrap their heads around just how improbable this really is. here's a full breakdown of how this went down, what the odds are and why itâ€™sÂ *technically possible*Â butÂ *practically a miracle*.

# what actually happened?

* the miner was usingÂ **solo ck pool**, which lets people ""solo mine"" (that is, you submit valid shares as if you're trying to win the block reward all by yourself);
* unlike regular mining pools where rewards are split among contributors, in solo ck,Â **you either get the whole block or nothing**;
* in this case, the miner wonÂ **3.125 btc**Â (current block reward) + \~**$3.4k in transaction fees**, totalingÂ **over $376,000**Â at current prices;
* the bitcoinÂ **network difficulty**Â was at an all-time high:Â **\~126 trillion**. that means solving a block is harder than ever.

how rare is this exactly?

reddit lit up with calculators and probability charts. hereâ€™s what it boils down to:

# scenario 1 â€“ hobbyist miner (~1 th/s)

* odds per block:Â **\~1 in 260,000,000;**
* there are 144 blocks per day â†’ daily chance â‰ˆ 1 in 1.8 million;
* annual odds?Â **\~0.02% chance**, orÂ **1 in \~5,000 per year;**

if youâ€™re running aÂ **bitaxe**,Â **futurebit apollo**, or something similar, you're statistically looking atÂ **one success every 15,000â€“19,000 years**.

# scenario 2 â€“ semi-pro (1 ph/s)

* odds per block:Â **\~1 in 260;**
* annual success rate: \~**20%**, orÂ **1 block per 5 years on average;**
* but 1 ph/s requires serious infrastructure, electricity, and cooling (100+ asics);

# scenario 3 â€“ full-scale mining farm (100+ ph/s)

* now youâ€™re mining a block every day or two;
* but also burningÂ **thousands of dollars daily**Â in electricity and hardware depreciation.

**my point is unless youâ€™re running an operation worth hundreds of thousands (if not millions), solo mining is more like buying a lottery ticket every 10 minutes.**

**the economic reality guys is that solo mining is almost never profitable!!!**

letâ€™s say youâ€™re running a 1 th/s device that consumes 100w. over a year:

* **electricity cost**: 100w Ã— 24h Ã— 365d = \~876 kwh at $0.15/kwh â†’ $131.40/year

so even if the rig is cheap (\~$500), youâ€™re paying yearly just to keep it running and youâ€™llÂ *almost certainly never hit a block*. youâ€™re losing money every year unless lightning strikes.

that said, what if you do hit?  
you're gettingÂ **3000x return overnight**. like another fellow redditor on this sub said: ""itâ€™s the ultimate degen lottery.""

now, given all of the things talked above, why are some people still solo mining?

* some do it to support bitcoin's decentralization (proving individuals can still mine).
* others want to experiment, learn, or just take a long-shot bet.
* some treat it like playing slots: a small power-efficient rig running 24/7, just in case.
* others want to avoid pool centralization (big players like foundry usa control over 30% of the network hashrate).

and hey,Â **this story proves itâ€™s not impossible.**

the bigger picture is the following:

this block win isnâ€™t just about money. itâ€™s a symbolic victory.

1. it proves bitcoin mining is stillÂ *open to everyone*Â (technically).
2. it shows that,Â *however small*,Â **decentralization is alive**.
3. it reminds us that bitcoinâ€™s structure allows for some crazy edge-case miracles.

it's also a reminder to never unplug that miner sitting in the corner of your garage. you never know when your 19,000-year timeline might collapse into a single lucky night.

***tl;dr***

* solo miner mined block 907,283 = $373k+ reward
* estimated odds: 1 in 260 million per block (if 1 th/s)
* it's like winning the lottery, but crypto-themed
* community response = stunned, excited and deeply nerdy
* proof that even in 2025, the little guyÂ *sometimes*Â wins",https://www.reddit.com/r/CryptoCurrency/comments/1mgay35/so_there_is_a_post_describing_how_a_solo_miner/,reddit
2025-08-03 02:36:57+00:00,"china may or may not have banned bitcoin. (again) i'm not going to say this is true, but i'm also not going to immediately put it off as false. so if anyone can help verify let me know. 16 hours ago some nothing of a website reported that china was considering banning bitcoin  (again) to push people towards the digital yuan? it's the only article about china banning bitcoin in the last days. then just got a notification that china has officially banned cryptocurrency trading, mining, and related services. 

iirc this channel has published false news before and if i hadn't seen the 16 hour old news i'd dismiss it outright. so can anyone confirm what is happening in china?",https://www.reddit.com/r/CryptoCurrency/comments/1mg86k1/china_may_or_may_not_have_banned_bitcoin_again/,reddit
