timestamp,text,url,score,num_comments,id,source,subreddit,coin,lang
2026-01-12 23:38:30+00:00,"1m bitcoin when? 2030?

2035?

2040?",https://www.reddit.com/r/Bitcoin/comments/1qbb7yt/1m_bitcoin_when/,0,16,1qbb7yt,reddit,Bitcoin,btc,en
2026-01-12 22:32:04+00:00,"transak processing time made a btc sell order 10h ago, confirmed on the network and the sats have left my account, but transak is still processing the payment to my revolut. 

i looked at the btc wallet my sats were sent to, and it seems that most funds move through within 2 hours.

i can see on transak's customer portal that the payment is still processing but this seems to be taking far too long.

anyone have any experience using transak to revolut account?  thanks!",https://www.reddit.com/r/Bitcoin/comments/1qb9jsw/transak_processing_time/,3,3,1qb9jsw,reddit,Bitcoin,btc,en
2026-01-12 22:29:47+00:00,bitcoin is on a need to know basis,https://i.redd.it/5eg257bvvzcg1.jpeg,47,8,1qb9hmc,reddit,Bitcoin,btc,en
2026-01-12 22:20:02+00:00,"two charts, two realities ‚Äî pick your fighter üêÇüêª chart 1 screams doom:

‚Äúbull trap ‚Üí new lows ‚Üí 40k incoming.‚Äù

chart 2 whispers patience:

‚Äúbounce off trendline ‚Üí higher lows ‚Üí 120k+ still in play.‚Äù

bears see disaster.

bulls see opportunity.

and bitcoin?

it usually wrecks the loud mouths‚Ä¶

and rewards whoever keeps stacking quie",https://www.reddit.com/gallery/1qb98h7,1,8,1qb98h7,reddit,Bitcoin,btc,en
2026-01-12 22:18:10+00:00,"after the recent 2k btc move by a historical whale, how much btc actually hasn't moved since say 2014? people talk a lot about lost btc from the circulating supply, but it seems to me that there might be a lot less ""lost"" or ""abandoned"" than the conventional wisdom conceives. rather, people are just sitting patiently.",https://www.reddit.com/r/Bitcoin/comments/1qb96r1/after_the_recent_2k_btc_move_by_a_historical/,0,3,1qb96r1,reddit,Bitcoin,btc,en
2026-01-12 21:51:17+00:00,can bitcoin fixes this? üáÆüá∑üü†,https://i.redd.it/4fog5220pzcg1.png,0,11,1qb8gwh,reddit,Bitcoin,btc,en
2026-01-12 21:42:40+00:00,my heart belongs to only btc,https://i.redd.it/bh7gukddnzcg1.png,307,12,1qb88fs,reddit,Bitcoin,btc,en
2026-01-12 21:19:45+00:00,your daily bitcoin breakdown newsletter is now live. check out today‚Äôs top stories and a sneak peek at the latest quick bits snippets. full issue link is in the comments.,https://www.reddit.com/gallery/1qb7lyo,6,1,1qb7lyo,reddit,Bitcoin,btc,en
2026-01-12 21:17:40+00:00,when fiat falls and bitcoin marches,https://i.redd.it/dsu60p60jzcg1.jpeg,4,10,1qb7jzg,reddit,Bitcoin,btc,en
2026-01-12 20:23:47+00:00,made a silly btc site out of boredom for those who are also bored and don‚Äôt care üöÄüåï https://pointless-crypto-ent-ved8.bolt.host/,https://i.redd.it/c3lagf3e9zcg1.jpeg,0,9,1qb641u,reddit,Bitcoin,btc,en
2026-01-12 18:38:58+00:00,"paying for an order with btc i want to order something from my online and pay using bitcoin, and i know you can use cash app to buy bitcoin, but i wasn‚Äôt sure if i could use cash app to send it. if anybody could give me recommendations on another app or website to use if cash app doesn‚Äôt work, thank you so much. happy new year‚Äôs, by the way.",https://www.reddit.com/r/Bitcoin/comments/1qb35vx/paying_for_an_order_with_btc/,0,1,1qb35vx,reddit,Bitcoin,btc,en
2026-01-12 18:03:02+00:00,"analyze my bc buying workflow hey lads,

i‚Äôm looking to try a new way to buy bitcoin to keep them off the radar.

currently, i buy via safepal (using binance) or bybit and then send it directly to my cold wallet. i know this isn‚Äôt the most robust method, so i wanted to ask for your opinion.

i‚Äôve done some research and came up with this possible workflow:

1. strike (replacing bybit and safepal)
2. send to phoenix wallet via lightning
3. use boltz to swap via tor
4. send to my cold wallet

any thoughts on this? thanks.",https://www.reddit.com/r/Bitcoin/comments/1qb2634/analyze_my_bc_buying_workflow/,0,7,1qb2634,reddit,Bitcoin,btc,en
2026-01-12 17:57:00+00:00,"if you're not bullish on bitcoin you don't understand this (big picture) on my podcast ‚Äòbitcoin for millennials‚Äô i talked with vijay boyapati, the author of *the bullish case for bitcoin*. we discuss the roadmap of bitcoin‚Äôs monetization, why nation-state adoption has moved from theory to certainty, and how the world‚Äôs transition to a bitcoin standard represents the ultimate fight for human freedom.",https://youtu.be/jyGIn6lRWO4,0,1,1qb1zn5,reddit,Bitcoin,btc,en
2026-01-12 17:45:43+00:00,"does my strategy make sense for the next 3‚Äì4 months? does my strategy make sense for the next 3‚Äì4 months?

at the moment, i‚Äôve opened small long positions on bitcoin. i‚Äôm waiting for bitcoin to break above 97k. around that level, i plan to close my longs and start building a short position.

my assumption is that the price could rise to a maximum of around 102‚Äì103k. i‚Äôm planning to enter the short with a large percentage of my deposit, targeting a move down to the 60‚Äì70k range.

around those price levels, i intend to start accumulating big long positions",https://www.reddit.com/r/Bitcoin/comments/1qb1o4i/does_my_strategy_make_sense_for_the_next_34_months/,0,20,1qb1o4i,reddit,Bitcoin,btc,en
2026-01-12 16:46:18+00:00,"where to buy btc p2p using uk bank account hi, that will be my first post, so let me ask you as i seen all topics about it and i am confused.

what p2p is legit to use it?
i have money on uk bank account and want to make bank transfer in exchange btc.

i noticed guy who answer on posts like mine with links and description like robosat or bisq etc. 

but when i google them, lot of people say about scams, that page is llm generated etc. 

i cannot use exchanges because, i have closed account by revolut, and zempler bank and monzo. reason? no reason, they wrote base on policy which is defined so broadly that my assumption is they just do not like crypto. i did verification, face and id checks, address on 8th of jan and 9th i tried to buy for try 50 gbp then next day account restricted, withdraw money before 6th of february. 

that is ridiculous.

money legit, proof of funds, as are from sfe, and i wanted to buy to invest. but banks do not allow me to. 

is there any p2p where someone been using?

i do not want to pay in deposits in order to buy like robotsats, before buy i need to pay deposit to prevent malicious fake orders which will bump up prices. i have funds and someone have btc and that is it. deal or no deal.

can anyone help? 

banks and governments restricted exchanges, put  marketing that this is scammers tools to steal, and they blocking from purchase. now they put tax on it. 

is crypto not a freedom ? 

guide me please < just not to telegram- i have been there too, and i am lighter by ¬£400>.",https://www.reddit.com/r/Bitcoin/comments/1qb005w/where_to_buy_btc_p2p_using_uk_bank_account/,1,3,1qb005w,reddit,Bitcoin,btc,en
2026-01-12 16:32:32+00:00,on this day 17 years ago bitcoin first transaction took place: 10 $btc from satoshi to hal finney.,https://i.redd.it/lb6in7w44ycg1.jpeg,7,5,1qazmi6,reddit,Bitcoin,btc,en
2026-01-12 16:19:48+00:00,"the ownership shift bitcoin doesn‚Äôt win arguments.

it outlasts failure.

when trust erodes, people don‚Äôt look for better narratives.

they look for neutral systems.

the ownership shift

‚Äî hodlhero ‚Çø",https://v.redd.it/ezsg9apu1ycg1,0,1,1qaz9m8,reddit,Bitcoin,btc,en
2026-01-12 16:18:07+00:00,"question on how to control criminals i fully understand btc and think it is the future (would consider myself a complete btc maxi) but i do question how governments would stop bad guys. if the money of people committing actual harm is borderless and can't be controlled, won't they simply escape? of course, the words ""actual harm"" is vague and needs to be defined instead of anything that the government says is ""bad"" which i think is where btc will have a huge impact in terms of preserving an individual's liberty, but i'm just curious to know how the ""bad bad"" guys will be stopped on a bitcoin standard.

thanks for your responses in advance.",https://www.reddit.com/r/Bitcoin/comments/1qaz7un/question_on_how_to_control_criminals/,0,10,1qaz7un,reddit,Bitcoin,btc,en
2026-01-12 15:46:20+00:00,"bitcoin rap - kreep artist: bitcoin philosopher

[https://www.youtube.com/@bitcoinphilosopher](https://www.youtube.com/@bitcoinphilosopher)",https://v.redd.it/0bxdsa9ovxcg1,4,0,1qayc0f,reddit,Bitcoin,btc,en
2026-01-12 15:45:26+00:00,"interactive sha-256 visualizer for years i kept seeing sha-256 everywhere, in bitcoin, tls, git, proofs, ... but every explanation either skipped the details or showed the same diagram that hides the actual work.

most resources explain hashing as:

>input ‚Üí black box ‚Üí hash

which is fine for beginners, but it leaves out the interesting part: how the message is padded, how w\[0..63\] is generated, and how all 64 rounds update the internal state.

so i built a tool to finally see those steps in real time

https://i.redd.it/osow4190wxcg1.gif

**live demo:** [https://hashexplained.com/](https://hashexplained.com/)  
**source (mit):** [https://github.com/bitcoin-dev-project/hashes-visualizer](https://github.com/bitcoin-dev-project/hashes-visualizer)

**what it shows:**  
‚Ä¢ message preprocessing & padding  
‚Ä¢ the 64-word schedule (w\[0..63\])  
‚Ä¢ round constants & bitwise functions  
‚Ä¢ (a..h) updating each round  
‚Ä¢ final digest construction

built out of frustration and curiosity, hopefully useful to others too",https://www.reddit.com/r/Bitcoin/comments/1qayb4r/interactive_sha256_visualizer/,29,6,1qayb4r,reddit,Bitcoin,btc,en
2026-01-12 15:25:55+00:00,"lost btc! i have an old wallet file, named wallet.aes.json from 2013 september. i am trying to gain access to it, however i am puzzled, i have a 30 word seed phrase and a password. the 30 word seedphrase has words that do not follow the bip39 word list, some of them do but not all. i suspect that it is a blockchain wallet with a custom word seedphrase, however i am not 100% sure. i know there is quite a substantial amount of coins in there and urgently need advice or help to get into my wallet!",https://www.reddit.com/r/Bitcoin/comments/1qaxslf/lost_btc/,0,47,1qaxslf,reddit,Bitcoin,btc,en
2026-01-12 13:43:35+00:00,"is it too late for someone new to get into bitcoin? i‚Äôm still learning about bitcoin and trying to understand it from a long-term point of view.

on one hand, i often hear that bitcoin is already ‚Äútoo expensive.‚Äù on the other, many people say adoption is still ongoing and that price alone doesn‚Äôt tell the full story. as someone who didn‚Äôt get involved early, it‚Äôs hard to know how to think about this properly.

for those with more experience, how do you personally look at this question today? is it more about understanding bitcoin and having a long-term mindset, or does timing really matter as much as people say?

i‚Äôd like to hear different perspectives.",https://www.reddit.com/r/Bitcoin/comments/1qav84z/is_it_too_late_for_someone_new_to_get_into_bitcoin/,0,35,1qav84z,reddit,Bitcoin,btc,en
2026-01-12 13:22:15+00:00,"rise and shine, hodlers! don‚Äôt forget your cold storage wallets ‚Äòcause institutions want your bitcoin! that‚Äôs right, diamond-handed degens, stack those sats while it‚Äôs cold out there! don‚Äôt forget your hardware wallets, ‚Äòcause the bears looking to hibernate and the price can pump any minute!

and remember, no paper hands today‚Äîhodl strong, check your node, and maybe dca a little more before coffee. it‚Äôs gonna be a beautiful day in bitcoin town!",https://i.redd.it/sbg8avq66xcg1.jpeg,88,3,1qauq8n,reddit,Bitcoin,btc,en
2026-01-12 12:59:52+00:00,"in the last 5 years, the global money supply increased by over 16 trillion dollars. buy bitcoin.",https://i.redd.it/r0yw3f172xcg1.jpeg,489,42,1qau84f,reddit,Bitcoin,btc,en
2026-01-12 11:40:30+00:00,when will bitcoin reach the top ranks?,https://i.redd.it/vb03a790owcg1.png,56,31,1qasoq7,reddit,Bitcoin,btc,en
2026-01-12 11:19:49+00:00,bitcoin cycle keep calm while the storm pass,https://i.redd.it/8z05gjm9kwcg1.jpeg,138,146,1qasblm,reddit,Bitcoin,btc,en
2026-01-12 11:07:11+00:00,".45 btc i just wanted to say that if it was not this group i would have panic-sold!

i would add ‚Ä¶  also thanks to the book! bitcoin standard. i recommend it.

i keep stacking every day small amounts‚Ä¶ monthly about 350 usd

thank you bitcoin community  üëçüôå",https://www.reddit.com/r/Bitcoin/comments/1qas3mj/45_btc/,34,7,1qas3mj,reddit,Bitcoin,btc,en
2026-01-12 11:00:57+00:00,"to anyone who thinks they're smarter than bitcoin this message is for you yo guys, don't do what i did back in 2023 and 2024. to any newbie in this space,  
or anyone who thinks they're smarter than bitcoin this message is for you. back at the start of 2023, i bought bitcoin around $16,500 and sold it at $25,000.  
then, just a few months later, bitcoin shot up to $126,000. watching that happen, my brain was exploding thinking about how i let go of bitcoin.  
  
i realized the problem was that i thought i was smarter than bitcoin, that i could sell at the top and buy at the bottom. so don't do what i did. now, i buy bitcoin no matter what the price is, i never let go of it, and i don't even think about selling

because of what i did back then, i'm suffering in my life right now and i've fallen way behind. my life was supposed to change for the better, but it didn't.  
don't do what i did",https://www.reddit.com/r/Bitcoin/comments/1qarzlo/to_anyone_who_thinks_theyre_smarter_than_bitcoin/,65,54,1qarzlo,reddit,Bitcoin,btc,en
2026-01-12 09:57:53+00:00,bitcoin holders in 2026 https://preview.redd.it/2x8asr3p5wcg1.jpg?width=2553&format=pjpg&auto=webp&s=4057492a2faca9f6bc11914cffa948da40764bec,https://www.reddit.com/r/Bitcoin/comments/1qaqxzd/bitcoin_holders_in_2026/,0,4,1qaqxzd,reddit,Bitcoin,btc,en
2026-01-12 09:56:54+00:00,"i choose btc although it may seem like we're late to this market, we're just getting started.

don't despair on your journey üí™",https://i.redd.it/vgi85bqj5wcg1.jpeg,53,67,1qaqxf6,reddit,Bitcoin,btc,en
2026-01-12 09:53:05+00:00,"the real risk to your crypto seed phrase isn‚Äôt hackers or fires ‚Äî it‚Äôs moving house when people talk about bitcoin self-custody risks, the same scenarios always come up: hackers, malware, house fires, floods. all real risks, sure.

but there‚Äôs one risk that almost never gets mentioned, despite being far more likely: **moving**.

in most european countries (including spain), people move houses around **3‚Äì4 times during their lives** on average. that means boxes, stress, rushed decisions, storage units, ‚Äúimportant stuff‚Äù getting mixed with junk, and things not being touched for years.

now think about how most people store their seed phrases:

* paper backups
* notebooks
* envelopes
* usb sticks

these are technically offline, but they rely entirely on **perfect human behavior during chaotic moments**.

the probability of your house burning down is low.  
the probability that you‚Äôll move multiple times? almost guaranteed.

this isn‚Äôt a cryptography problem. bitcoin works fine.  
it‚Äôs a **human systems problem**.

self-custody assumes:

* you‚Äôll remember where things are
* you won‚Äôt accidentally throw them away
* other people won‚Äôt touch them
* future-you will understand past-you‚Äôs organization

that assumption breaks down fast in real life.

i‚Äôm curious how people here think about this.  
do you treat moving, reorganizing, or life changes as part of your threat model?  
or do you mainly plan for extreme edge cases like fires and hacks?

genuine discussion question ‚Äî not selling anything, just interested in how others approach this.

https://preview.redd.it/hj7rwadn4wcg1.png?width=1432&format=png&auto=webp&s=eb3851e256d35189dfc9c1fcaedd59e1939b8b7f",https://www.reddit.com/r/Bitcoin/comments/1qaqv9l/the_real_risk_to_your_crypto_seed_phrase_isnt/,0,19,1qaqv9l,reddit,Bitcoin,btc,en
2026-01-12 09:50:10+00:00,"am i on the right track? please suggest 21m b.tech cse student from india focused on financial independence.
got into crypto in 2017. invested ‚Çπ17k, grew it to ‚Çπ36k, then lost it all. i was new and learned my lesson. stayed away for a while.
did small graphic design gigs during school for daily expenses. later tried forex with around ‚Çπ8k, doubled it, but the broker ran away after forex got banned.
after school, i got back into crypto through airdrops and telegram bot farming.

current status: 

‚Ä¢contributor to a depin project

‚Ä¢rank 1 contributor in another depin project with around 2 million users

‚Ä¢holding 0.029 btc (~$2,600). earlier had 0.033 btc but sold some during an emergency

‚Ä¢stopped trading and now only holding and accumulating btc

‚Ä¢depin earnings last month were around $130

plan: 

‚Ä¢continue farming depin projects

‚Ä¢hold btc long term

‚Ä¢sell btc around $200k to $250k and buy back lower

goal:

‚Ä¢become financially independent

‚Ä¢retire between age 30 to 35

question: 

‚Ä¢am i on the right track or should i change something? open to both positive and negative feedback",https://www.reddit.com/r/Bitcoin/comments/1qaqtmc/am_i_on_the_right_track_please_suggest/,4,18,1qaqtmc,reddit,Bitcoin,btc,en
2026-01-12 08:43:34+00:00,"selling half my stack. will sell half my stack to buy ibit and do covered on it to generate income. 

wondering if anyone else has done similar things? 

the whole argument made by bitcoin purists to only hold real bitcoin is silly imo. when the real risk of losing your keys via house fire etc is much greater than blackrock losing or dumping their holdings.

plus with ibit i can run the wheel strategy on ibit as an income vehicle. 

edit.

just to add context on why i'm considering this. 

i started buying in 2019 my average is under 30k. i only sold a small piece of my holdings to close on a house when it was trading at 50k. 

currently sitting at over 300% gain so the logical thing to do is diversify out and hold half forever. also 90% of my networth is in btc so i watch the chart literally everyday like every 10 minutes.

doing this will give piece of mind and even lynn alden said she doesn't like to be 100% into anything. 

a side note most of you guys criticizing this idea might have an average over 100k and less than .1 bitcoin so likely any ideas outside of buying and holding forever is seen as an attack.",https://www.reddit.com/r/Bitcoin/comments/1qapsb9/selling_half_my_stack/,0,28,1qapsb9,reddit,Bitcoin,btc,en
2026-01-12 07:11:52+00:00,"mentor monday, january 12, 2026: ask all your bitcoin questions! ask (and answer!) away! here are the general rules:

* if you'd like to learn something, ask.
* if you'd like to share knowledge, answer.
* any question about bitcoin is fair game.

and don't forget to check out /r/bitcoinbeginners

you can sort by new to see the latest questions that may not be answered yet.",https://www.reddit.com/r/Bitcoin/comments/1qaoc7c/mentor_monday_january_12_2026_ask_all_your/,9,4,1qaoc7c,reddit,Bitcoin,btc,en
2026-01-12 06:27:19+00:00,"most people when bitcoin drops, meanwhile bitcoin",https://i.redd.it/fbelu6pi3vcg1.jpeg,147,7,1qanks6,reddit,Bitcoin,btc,en
2026-01-12 06:03:47+00:00,"daily discussion, january 12, 2026 please utilize this sticky thread for all general **bitcoin** discussions! if you see posts on the front page or /r/bitcoin/new which are better suited for this daily discussion thread, please help out by directing the op to this thread instead. thank you!

if you don't get an answer to your question, you can try phrasing it differently or commenting again tomorrow.

please check the [previous discussion thread](https://www.reddit.com/r/bitcoin/comments/1q9rnwr/daily_discussion_january_11_2026/) for unanswered questions.",https://www.reddit.com/r/Bitcoin/comments/1qan5ra/daily_discussion_january_12_2026/,26,37,1qan5ra,reddit,Bitcoin,btc,en
2026-01-12 04:37:27+00:00,".21 btc started with small amounts back in february 2024 and i‚Äôve finally reached 0.21 btc.

nothing special, just consistently stacking sats over time.

i joined reddit a few days ago and this community has already helped me better understand bitcoin, thanks for that !

sharing this mostly for motivation, it really shows how staying disciplined adds up !",https://www.reddit.com/r/Bitcoin/comments/1qali5m/21_btc/,251,52,1qali5m,reddit,Bitcoin,btc,en
2026-01-12 03:30:32+00:00,jerome down bad - got bitcoin ? source is from the federal reserves twitter account: [https://x.com/federalreserve/status/2010510130970849338](https://x.com/federalreserve/status/2010510130970849338),https://v.redd.it/1ljwdx1i8ucg1,376,14,1qak4f0,reddit,Bitcoin,btc,en
2026-01-12 02:29:30+00:00,"is it a good idea use personal line of credit to buy bitcoin? my interest rate is 6.8% (variable). assuming a 30% yoy growth for bitcoin, this looks like a no brainer--you're using fiat to buy more bitcoin. i have no debt.",https://www.reddit.com/r/Bitcoin/comments/1qaiswo/is_it_a_good_idea_use_personal_line_of_credit_to/,0,64,1qaiswo,reddit,Bitcoin,btc,en
2026-01-12 01:17:38+00:00,"why is this not true? ‚Äúi think central banks will realize that there are limitations to gold and limitations to bitcoin and will seek out a completely new cryptographic paradigm that they can control on their balance sheet, one that is fungible, tradable, and completely secure and private.‚Äù  why is this not bearish for bitcoin?",https://x.com/arjunkhemani/status/2010086216243568747,0,12,1qah7ac,reddit,Bitcoin,btc,en
2026-01-12 00:38:12+00:00,tax exempt to buy btc curious. has anyone ever went tax exempt and use that money to buy btc all year then pay your taxes with it?,https://www.reddit.com/r/Bitcoin/comments/1qaga0m/tax_exempt_to_buy_btc/,0,9,1qaga0m,reddit,Bitcoin,btc,en
2026-01-12 19:07:13+00:00,will central banks soon begin adding bitcoin to their reserves?,https://internationalbanker.com/banking/will-central-banks-soon-begin-adding-bitcoin-to-their-reserves/,0,17,1qb3zdq,reddit,CryptoCurrency,btc,en
2026-01-12 17:57:26+00:00,if you're not bullish on bitcoin you don't understand this (big picture),https://youtu.be/jyGIn6lRWO4,0,14,1qb202x,reddit,CryptoCurrency,btc,en
2026-01-12 17:35:29+00:00,my feelings when bitcoin is... source: [https://x.com/djdharani17/status/2010757864001060931](https://x.com/djdharani17/status/2010757864001060931),https://i.redd.it/yv1u2er7fycg1.png,0,7,1qb1dgl,reddit,CryptoCurrency,btc,en
2026-01-12 16:35:19+00:00,"mstr stock at a make-or-break price as strategy buys 13,627 bitcoins",https://crypto.news/mstr-stock-price-make-or-break-strategy-buys-more-btc/,81,41,1qazp6p,reddit,CryptoCurrency,btc,en
2026-01-12 16:34:25+00:00,"saylor‚Äôs strategy shells out $1.25 billion for 13,627 more bitcoins ahead of crypto policy vote",https://www.cryptopolitan.com/saylors-strategy-buys-13627-more-bitcoins/,57,15,1qazobf,reddit,CryptoCurrency,btc,en
2026-01-12 13:03:19+00:00,bitcoin is being hijacked by three ‚Äúboring‚Äù institutional dials that are overpowering the halving‚Äôs supply shock,https://cryptoslate.com/bitcoin-is-being-hijacked-by-three-boring-institutional-dials-that-are-overpowering-the-halvings-supply-shock/,53,16,1qaub4b,reddit,CryptoCurrency,btc,en
2026-01-12 09:32:29+00:00,fed rate cuts under fire: 5 things to know in bitcoin this week,https://cointelegraph.com/news/fed-rate-cuts-under-fire-5-things-bitcoin-this-week,9,3,1qaqjnb,reddit,CryptoCurrency,btc,en
2026-01-12 06:49:12+00:00,us stole a chinese scam king‚Äôs $15b bitcoin? here‚Äôs ‚Äúhow‚Äù,https://beincrypto.com/us-stole-chinese-scam-kings-15b-bitcoin/,128,19,1qanyec,reddit,CryptoCurrency,btc,en
2026-01-12 01:46:36+00:00,blackrock warns crypto‚Äôs love affair with ai is over as an energy war with bitcoin miners begins,https://cryptoslate.com/blackrock-ai-energy-forecast-bitcoin-mining-impact-2026/,103,37,1qahulh,reddit,CryptoCurrency,btc,en
2026-01-12 01:10:35+00:00,"why bitcoin‚Äôs tight range could be setting up for a major breakout soon aka nobody knows anything but buy hold & gamble i guess is all we can do

bitcoin‚Äôs tight range signals potential for a breakout. key levels to watch include $87,600, $94,700, and $96,500 for next major move.

bitcoin has been in a tight range for several weeks, with limited price movement. while the lack of volatility has frustrated some traders, it may be a sign that bitcoin is gearing up for a larger move.

market participants are carefully watching for a breakout, as bitcoin‚Äôs recent consolidation could set the stage for significant price action in the coming weeks.",https://www.livebitcoinnews.com/why-bitcoins-tight-range-could-be-setting-up-for-a-major-breakout-soon/,7,13,1qah1fs,reddit,CryptoCurrency,btc,en
2026-01-12 23:01:20+00:00,"santiment reveals the top 10 crypto projects by developer activity ‚Äî a quiet signal before the next cycle santiment just released its ranking of the top 10 crypto projects by developer activity over the last 30 days ‚Äî and the list is very different from what twitter hype would suggest.

instead of meme tokens or short-term narratives, the leaders are infrastructure-heavy projects focused on wallets, data layers, l2 scaling, interoperability and security tooling.

top names this month include metamask usd (musd), filecoin, starknet, hedera, chainlink, safe, internet computer, defichain, cardano and avalanche.

why this matters: sustained developer activity often leads real adoption cycles by months. before new products, new ecosystems and enterprise integrations go live, engineers are already pushing code in silence.

full breakdown and analysis here:  
[https://btcusa.com/santiment-ranks-top-10-crypto-projects-by-developer-activity-over-the-last-30-days/](https://btcusa.com/santiment-ranks-top-10-crypto-projects-by-developer-activity-over-the-last-30-days/)

curious what others think ‚Äî do you use dev activity as part of your research, or do you focus purely on price and narratives?",https://www.reddit.com/r/CryptoCurrencyTrading/comments/1qbaauk/santiment_reveals_the_top_10_crypto_projects_by/,2,0,1qbaauk,reddit,CryptoCurrencyTrading,btc,en
2026-01-12 06:49:59+00:00,"how 2025 reshaped crypto trading strategies: from robots to grid orders and ai by 2025, a growing number of crypto traders had switched to using robots. market conditions necessitated the automation of algorithms. as can be seen from the chart, bitcoin was only trending for six weeks out of 52.

sideways movement is ideal for strategies involving grids of limit orders. crypto traders take a 'long' position, opening positions on pullbacks and automatically closing them when local and historical highs are reached.

using robots enables round-the-clock trading, with profits locked in automatically and new limit orders placed immediately within the day. according to the data, the volume of trades using grid strategies increased by 97% over the year and the amount of capital invested in them doubled.

the most explosive growth, at 352%, was observed in pairs with stablecoins. thanks to their peg to the dollar, crypto traders can open sell and buy limit orders when the exchange rate deviates from $1, locking in profits when the peg disappears.
while the profit from such trading is relatively small, it is stable due to the arbitrage of the dollar peg and the predictability of volatility spikes. 

at the same time, there has been growing interest among crypto traders in more complex strategies based on artificial intelligence. large platforms offer their users ready-made ai products, including ai agents that can interact with the blockchain independently.

i would like to remind you of the fundamental principle of ai. unlike a robot, where the code is clearly written, it is a 'black box'; none of its creators know exactly how ai makes decisions.",https://www.reddit.com/gallery/1qanyv6,3,1,1qanyv6,reddit,CryptoCurrencyTrading,btc,en
2026-01-12 20:09:17+00:00,"the four year cycle is dead. bitcoin is heading for one more massive leg up, solid alts are going to follow and the whole market is going to melt faces. my estimate is btc to between a quarter and a half a million dollars before the end of this year. more would not be a huge surprise to me.

this time is different, the halving has lost most of it's influence and much of that perceived influence was little more than coincidence anyway. 

so bearish halveners tell me i'm wrong and tell me why. the beautiful thing is we're going to find out but please don't delete your posts as you fomo back in in the coming weeks/months.",https://www.reddit.com/r/CryptoMarkets/comments/1qb5ppv/the_four_year_cycle_is_dead/,59,45,1qb5ppv,reddit,CryptoMarkets,btc,en
2026-01-12 19:33:43+00:00,"bitcoin‚Äôs current structure vs 2020 ‚Äî similar expansion phase or different cycle? looking at bitcoin‚Äôs structure today compared to 2020, the similarities are hard to ignore.

back then, btc broke out of a long accumulation phase before entering a strong expansion.
now we‚Äôre seeing:
- higher highs and higher lows
- strong momentum
- increasing macro attention

of course, nothing is guaranteed and history doesn‚Äôt repeat perfectly ‚Äî but the setup feels familiar.

curious to hear thoughts:
do you see a similar cycle playing out, or is this time different?",https://www.reddit.com/r/CryptoMarkets/comments/1qb4q2t/bitcoins_current_structure_vs_2020_similar/,3,3,1qb4q2t,reddit,CryptoMarkets,btc,en
2026-01-12 17:07:16+00:00,"scalping bitcoin? my daughter has asked me to lend her money so she can finish these tasks with this group chat for scalping bitcoin.  she has paid back the smaller amounts she's borrowed but now is asking for a significant amount of money - and she can't provide me with a link, a website, anything. 

my spidey-senses are going off that this is a scam and she will lose out on the money eventually - that they're just giving back the money to hook her. 

she's doing this through a group chat on telegram.  

has anyone heard about this? know anything about it? is it legit or a scam?",https://www.reddit.com/r/CryptoMarkets/comments/1qb0l8s/scalping_bitcoin/,9,15,1qb0l8s,reddit,CryptoMarkets,btc,en
2026-01-12 16:38:39+00:00,"i need some quick advice. how do i trade on robinhood to get the best prices? got the 3% back on everything robinhood gold card (likely because they saw i am a revolver that doesn't miss payments or i had 100% of the deposited assets i made under their control for over half a decade.)  
anyway. i've noticed to buy btc with robinhood they're charging me a 0.85% fee. so i tried a limit order, but it's not going through. do i just need to wait a while for it to go through? i'm getting confused. i'm not saying robinhood is ""scamming"" but i am saying i don't want to give up almost all of the benefit of my 3% back card just to get an instant buy order to go through.

  
any advice? ai is starting to annoy me.",https://www.reddit.com/r/CryptoMarkets/comments/1qazsij/i_need_some_quick_advice_how_do_i_trade_on/,1,3,1qazsij,reddit,CryptoMarkets,btc,en
2026-01-12 14:19:21+00:00,"while most assets chop sideways, monero is quietly setting new highs ‚Äî what does it signal? monero has been one of the most resilient majors over the last weeks. while btc, sol, and eth show indecision, xmr has been climbing toward new ath territory.

the interesting part isn't just the price ‚Äî it's the narrative:

‚Ä¢ privacy demand is growing fast

‚Ä¢ more jurisdictions are tightening surveillance

‚Ä¢ capital is looking for permissionless exit channels

do you think ‚Äúprivacy coins‚Äù become the next narrative cycle (like ai, rwa, memes, etc), or we are just looking at money flowing from zec into only reliable private coin solution?",https://www.reddit.com/r/CryptoMarkets/comments/1qaw3fu/while_most_assets_chop_sideways_monero_is_quietly/,1,12,1qaw3fu,reddit,CryptoMarkets,btc,en
2026-01-12 13:34:07+00:00,"btc reclaimed $91.2k ‚Äî support flip or fakeout? btc just reclaimed the $91.2k level, which previously acted as strong local resistance.

the key question now is acceptance:
can price hold above this level and turn it into support?

‚Ä¢ holding above $91.2k could open the path toward the $94k area
‚Ä¢ losing it likely means more range-bound price action and consolidation

this looks like a classic support-flip test.
curious to hear how others are positioning around this level.",https://www.reddit.com/r/CryptoMarkets/comments/1qav07l/btc_reclaimed_912k_support_flip_or_fakeout/,13,33,1qav07l,reddit,CryptoMarkets,btc,en
2026-01-12 12:36:31+00:00,"btc vs eth at these levels, what are you buying? seeing btc \~28% down, eth \~38%. tracking daily on coinswitch from quite some time but curious how others are thinking about it. are you sticking to btc, or taking the extra drawdown risk with eth?",https://www.reddit.com/r/CryptoMarkets/comments/1qatrbp/btc_vs_eth_at_these_levels_what_are_you_buying/,47,38,1qatrbp,reddit,CryptoMarkets,btc,en
2026-01-12 10:09:47+00:00,"i rotate based on btc dominance. nothing fancy, but it works for me. my entire rotation logic is pretty boring.

when btc dominance drops below \~50%, i start moving into alts. when it pushes past \~55%, i rotate back to btc. no predictions. no narratives. just reacting to the chart. been tracking this lately on the coinswitch app and marking entries on the dominance chart. results aren‚Äôt crazy, but they‚Äôre consistent enough. curious if anyone else uses btc dominance this mechanically??",https://www.reddit.com/r/CryptoMarkets/comments/1qar4xp/i_rotate_based_on_btc_dominance_nothing_fancy_but/,12,8,1qar4xp,reddit,CryptoMarkets,btc,en
2026-01-12 10:07:11+00:00,the bitcoin builder's manifesto: a checklist for sovereignty. from passive observer to sovereign architect: the practical roadmap.,https://inbitcoinwetrust.substack.com/p/the-bitcoin-builders-manifesto-a,31,1,1qar3i1,reddit,CryptoMarkets,btc,en
2026-01-12 05:54:21+00:00,"bitcoin rises 1%, nasdaq futures and dollar index drop as trump-powell feud escalates",https://www.coindesk.com/markets/2026/01/12/bitcoin-rises-1-nasdaq-futures-and-dollar-index-drop-as-trump-powell-fued-escalates,8,3,1qamzd4,reddit,CryptoMarkets,btc,en
