timestamp,title,source,url,text,sentiment
2025-08-11 06:11:11+00:00,&#039;Mysterious institution&#039; buys nearly $1B worth of Ether in a week,news,,&#039;mysterious institution&#039; buys nearly $1b worth of ether in a week,0.2263
2025-08-11 01:00:00+00:00,"Ethereum Surges Past $4,300 as Markets Await Pivotal CPI Data",news,,"ethereum surges past $4,300 as markets await pivotal cpi data",0.1027
2025-08-10 18:48:32+00:00,"The Truth Behind Ethereum’s $4,300 Breakout and What’s Driving it: What You Need to Know",news,,"the truth behind ethereum’s $4,300 breakout and what’s driving it: what you need to know",0.3182
2025-08-10 17:00:34+00:00,"Ethereum Price Eyeing A Breakout? On-Chain Analysis Places Short-Term Target At $4,800",news,,"ethereum price eyeing a breakout? on-chain analysis places short-term target at $4,800",0.0
2025-08-10 14:29:35+00:00,"Base Layer 2: Huge User Surge, Fee Drop, and Strategic Moves Power Growth",news,,"base layer 2: huge user surge, fee drop, and strategic moves power growth",0.4215
2025-08-10 13:55:00+00:00,"Ethereum Right Now Is More 'Asymmetrical,' Says Pro-XRP Lawyer",news,,"ethereum right now is more 'asymmetrical,' says pro-xrp lawyer",0.0
2025-08-10 11:15:22+00:00,What Are Big Ethereum (ETH) Investors Up To?,news,,what are big ethereum (eth) investors up to?,0.0
2025-08-10 09:46:00+00:00,"Next Ethereum (ETH) Wave to $5,600? Price Wave Theory",news,,"next ethereum (eth) wave to $5,600? price wave theory",0.0
2025-08-09 18:30:48+00:00,Institutions Quietly Amass Over $4B in Ethereum Since Mid-July,news,,institutions quietly amass over $4b in ethereum since mid-july,0.0
2025-08-09 14:47:41+00:00,Ether price target now $20K as ETH preps all-time high in &#039;1-2 weeks&#039;,news,,ether price target now $20k as eth preps all-time high in &#039;1-2 weeks&#039;,0.0
2025-08-09 11:41:55+00:00,"As Ethereum rips and smaller caps follow, is alt season finally here?",news,,"as ethereum rips and smaller caps follow, is alt season finally here?",0.0
2025-08-09 01:40:50+00:00,"BlackRock Declines XRP, SOL ETF Launch Amidst Leadership Shifts",news,,"blackrock declines xrp, sol etf launch amidst leadership shifts",0.0
2025-08-08 19:52:55+00:00,"Ether Rockets Above $4,000 For First Time Since December 2024 As Analyst Says Next Move Will “Melt Faces”",news,,"ether rockets above $4,000 for first time since december 2024 as analyst says next move will “melt faces”",0.0
2025-08-08 17:17:45+00:00,ETH Briefly Breaks Above $4K for the First Time Since December,news,,eth briefly breaks above $4k for the first time since december,0.0
2025-08-08 15:17:02+00:00,Ethereum Transactions Hit Record High As Rally Accelerates,news,,ethereum transactions hit record high as rally accelerates,0.0
2025-08-08 14:06:16+00:00,Ether Soars Above $4K for First Time Since December,news,,ether soars above $4k for first time since december,0.0
2025-08-08 14:00:19+00:00,"Multinational Healthcare Firm Secures up to $300,000,000 To Roll Out New Ethereum (ETH) Treasury Strategy",news,,"multinational healthcare firm secures up to $300,000,000 to roll out new ethereum (eth) treasury strategy",0.4767
2025-08-07 19:55:35+00:00,"Ethereum Experiencing an ‘Insatiable Blackhole of Demand,’ According to Crypto Trader – Here’s His Outlook",news,,"ethereum experiencing an ‘insatiable blackhole of demand,’ according to crypto trader – here’s his outlook",0.0
2025-08-07 12:05:19+00:00,Ethereum in the Driving Seat as On-Chain RWA Tokenization Nears Peak Levels,news,,ethereum in the driving seat as on-chain rwa tokenization nears peak levels,0.0
2025-08-06 17:10:43+00:00,Vitalik Buterin Advocates Faster Ethereum Layer 2 Withdrawals,news,,vitalik buterin advocates faster ethereum layer 2 withdrawals,0.0
